AccountID,AccountName,Region,ClusterName,ClusterVersion,InstanceID,Current_AMI_ID,Current_AMI_Publication_Date,AMI_Age,OS_Version,InstanceType,NodeState,NodeUptime,Latest_AMI_ID,New_AMI_Publication_Date,PatchPendingStatus,NodeReadinessStatus,Cluster_Compliance
175504091457,175504091457,us-east-2,mmpay-qa-global,1.34,i-0084fd40da4b348ea,ami-0341c526b47eb5b86,2025-11-20,83 days,Amazon Linux 2023,m7i-flex.2xlarge,running,63 days 12 hours,ami-06166778931250224,2026-02-10,True,N/A,1
175504091457,175504091457,us-east-2,mmpay-qa-global,1.34,i-0afbf4e08b1a6dca9,ami-0341c526b47eb5b86,2025-11-20,83 days,Amazon Linux 2023,m7i-flex.2xlarge,running,63 days 12 hours,ami-06166778931250224,2026-02-10,True,N/A,1
175504091457,175504091457,us-east-2,mmpay-qa-global,1.34,i-0de756b780909c61e,ami-0341c526b47eb5b86,2025-11-20,83 days,Amazon Linux 2023,m7i-flex.2xlarge,running,63 days 11 hours,ami-06166778931250224,2026-02-10,True,N/A,1
175504091457,175504091457,us-east-2,mmpay-qa-global,1.34,i-012a2b632b1821620,ami-0341c526b47eb5b86,2025-11-20,83 days,Amazon Linux 2023,m7i-flex.2xlarge,running,63 days 11 hours,ami-06166778931250224,2026-02-10,True,N/A,1
175504091457,175504091457,us-east-2,mmpay-qa-global,1.34,i-0f68db7f537b3b2a3,ami-0341c526b47eb5b86,2025-11-20,83 days,Amazon Linux 2023,m7i-flex.2xlarge,running,63 days 12 hours,ami-06166778931250224,2026-02-10,True,N/A,1
175504091457,175504091457,us-east-2,mmpay-qa-global,1.34,i-06678830602452cc0,ami-0341c526b47eb5b86,2025-11-20,83 days,Amazon Linux 2023,m7i-flex.2xlarge,running,63 days 12 hours,ami-06166778931250224,2026-02-10,True,N/A,1
175504091457,175504091457,us-east-2,mmpay-qa-global,1.34,i-06e3f22a62ff6bb83,ami-0341c526b47eb5b86,2025-11-20,83 days,Amazon Linux 2023,m7i-flex.2xlarge,running,63 days 11 hours,ami-06166778931250224,2026-02-10,True,N/A,1
175504091457,175504091457,us-east-2,mmpay-qa-global,1.34,i-06b97820a69e3cf7a,ami-0341c526b47eb5b86,2025-11-20,83 days,Amazon Linux 2023,m7i-flex.2xlarge,running,63 days 11 hours,ami-06166778931250224,2026-02-10,True,N/A,1
175504091457,175504091457,us-east-2,modmed-mmpay-uat-global-eks,1.34,i-04b9606709f25e6a7,ami-0341c526b47eb5b86,2025-11-20,83 days,Amazon Linux 2023,m5.2xlarge,running,63 days 13 hours,ami-06166778931250224,2026-02-10,True,N/A,1
175504091457,175504091457,us-east-2,modmed-mmpay-uat-global-eks,1.34,i-0189903f6e02d39b7,ami-0341c526b47eb5b86,2025-11-20,83 days,Amazon Linux 2023,m5.2xlarge,running,63 days 12 hours,ami-06166778931250224,2026-02-10,True,N/A,1
175504091457,175504091457,us-east-2,modmed-mmpay-uat-global-eks,1.34,i-0b948f414880a2ec0,ami-0341c526b47eb5b86,2025-11-20,83 days,Amazon Linux 2023,m5.2xlarge,running,63 days 12 hours,ami-06166778931250224,2026-02-10,True,N/A,1
175504091457,175504091457,us-east-2,modmed-mmpay-uat-global-eks,1.34,i-0c3e8ae25e217e55d,ami-0341c526b47eb5b86,2025-11-20,83 days,Amazon Linux 2023,m5.2xlarge,running,63 days 12 hours,ami-06166778931250224,2026-02-10,True,N/A,1
175504091457,175504091457,us-east-2,modmed-mmpay-uat-global-eks,1.34,i-08899f1e75d5479d5,ami-0341c526b47eb5b86,2025-11-20,83 days,Amazon Linux 2023,m5.2xlarge,running,63 days 13 hours,ami-06166778931250224,2026-02-10,True,N/A,1
175504091457,175504091457,us-east-2,modmed-mmpay-uat-global-eks,1.34,i-088a4fecfb629a369,ami-0341c526b47eb5b86,2025-11-20,83 days,Amazon Linux 2023,m5.2xlarge,running,63 days 10 hours,ami-06166778931250224,2026-02-10,True,N/A,1
175504091457,175504091457,us-east-2,modmed-mmpay-uat-global-eks,1.34,i-0a696c7be7216e0d7,ami-0341c526b47eb5b86,2025-11-20,83 days,Amazon Linux 2023,m5.2xlarge,running,63 days 12 hours,ami-06166778931250224,2026-02-10,True,N/A,1
175504091457,175504091457,us-east-2,modmed-mmpay-uat-global-eks,1.34,i-02af3a35385e24e77,ami-0341c526b47eb5b86,2025-11-20,83 days,Amazon Linux 2023,m5.2xlarge,running,63 days 12 hours,ami-06166778931250224,2026-02-10,True,N/A,1
175504091457,175504091457,us-east-2,modmed-mmpay-uat-global-eks,1.34,i-0e511b3e283014f8e,ami-0341c526b47eb5b86,2025-11-20,83 days,Amazon Linux 2023,m5.2xlarge,running,57 days 7 hours,ami-06166778931250224,2026-02-10,True,N/A,1
175504091457,175504091457,us-east-2,modmed-mmpay-uat-global-eks,1.34,i-07dbd7a5b873db9b0,ami-0341c526b47eb5b86,2025-11-20,83 days,Amazon Linux 2023,m5.2xlarge,running,63 days 12 hours,ami-06166778931250224,2026-02-10,True,N/A,1
175504091457,175504091457,us-east-2,modmed-mmpay-uat-global-eks,1.34,i-0d1a96f7914d78621,ami-0341c526b47eb5b86,2025-11-20,83 days,Amazon Linux 2023,m5.2xlarge,running,63 days 12 hours,ami-06166778931250224,2026-02-10,True,N/A,1
175504091457,175504091457,us-east-2,modmed-mmpay-uat-global-eks,1.34,i-09461ff075ffdb4f7,ami-0341c526b47eb5b86,2025-11-20,83 days,Amazon Linux 2023,m5.2xlarge,running,63 days 12 hours,ami-06166778931250224,2026-02-10,True,N/A,1
212055980189,212055980189,us-east-2,modmed-ops-global,1.34,N/A,N/A,N/A,N/A,N/A,N/A,N/A,N/A,N/A,N/A,N/A,N/A,1
212055980189,212055980189,us-east-2,modmed-ops-global-b,1.34,i-0e0a694c133a627c4,ami-0341c526b47eb5b86,2025-11-20,83 days,Amazon Linux 2023,m7i-flex.4xlarge,running,70 days 20 hours,ami-06166778931250224,2026-02-10,True,N/A,1
212055980189,212055980189,us-east-2,modmed-ops-global-b,1.34,i-00c9cc7f0c20ced97,ami-0341c526b47eb5b86,2025-11-20,83 days,Amazon Linux 2023,m7i-flex.4xlarge,running,70 days 20 hours,ami-06166778931250224,2026-02-10,True,N/A,1
212055980189,212055980189,us-east-2,modmed-ops-global-b,1.34,i-0d36655e3d7ac1158,ami-0341c526b47eb5b86,2025-11-20,83 days,Amazon Linux 2023,m7i-flex.4xlarge,running,70 days 20 hours,ami-06166778931250224,2026-02-10,True,N/A,1
212055980189,212055980189,us-east-2,modmed-ops-global-b,1.34,i-08346a876cb415c08,ami-0341c526b47eb5b86,2025-11-20,83 days,Amazon Linux 2023,m7i-flex.4xlarge,running,70 days 20 hours,ami-06166778931250224,2026-02-10,True,N/A,1
212055980189,212055980189,us-east-2,modmed-ops-global-b,1.34,i-0e59bb8ddeab07b8f,ami-0341c526b47eb5b86,2025-11-20,83 days,Amazon Linux 2023,m7i-flex.4xlarge,running,70 days 20 hours,ami-06166778931250224,2026-02-10,True,N/A,1
212055980189,212055980189,us-east-2,modmed-ops-global-b,1.34,i-011d5493fe3346f52,ami-0341c526b47eb5b86,2025-11-20,83 days,Amazon Linux 2023,m7i-flex.4xlarge,running,70 days 20 hours,ami-06166778931250224,2026-02-10,True,N/A,1
212055980189,212055980189,us-east-2,modmed-ops-global-b,1.34,i-0015f3d5707a62816,ami-0341c526b47eb5b86,2025-11-20,83 days,Amazon Linux 2023,m7i-flex.4xlarge,running,70 days 20 hours,ami-06166778931250224,2026-02-10,True,N/A,1
212055980189,212055980189,us-east-2,modmed-ops-global-b,1.34,i-04b65f87e3c4b759b,ami-0b09270f6fa8219ef,2025-12-17,56 days,Amazon Linux 2023,m7i-flex.4xlarge,running,50 days 16 hours,ami-06166778931250224,2026-02-10,False,N/A,1
983058792752,983058792752,us-east-2,modmed-perf-global,1.34,N/A,N/A,N/A,N/A,N/A,N/A,N/A,N/A,N/A,N/A,N/A,N/A,1
983058792752,983058792752,us-east-2,modmed-perf-global-b,1.34,i-03217b53c4499c3a8,ami-0341c526b47eb5b86,2025-11-20,83 days,Amazon Linux 2023,m7i-flex.4xlarge,running,71 days 14 hours,ami-06166778931250224,2026-02-10,True,N/A,1
983058792752,983058792752,us-east-2,modmed-perf-global-b,1.34,i-0d2456d390091b9b9,ami-0341c526b47eb5b86,2025-11-20,83 days,Amazon Linux 2023,m7i-flex.4xlarge,running,71 days 14 hours,ami-06166778931250224,2026-02-10,True,N/A,1
983058792752,983058792752,us-east-2,modmed-perf-global-b,1.34,i-06d48e899087c554d,ami-0341c526b47eb5b86,2025-11-20,83 days,Amazon Linux 2023,m7i-flex.4xlarge,running,71 days 14 hours,ami-06166778931250224,2026-02-10,True,N/A,1
874823723256,m2iam,us-east-1,modmed-dbstage-global-eks,1.34,i-0dbff87e99832bf8d,ami-02382489c95ee1382,2025-11-20,83 days,Amazon Linux 2023,m7i-flex.2xlarge,running,62 days 17 hours,ami-0297916cef61076f8,2026-01-29,True,N/A,1
874823723256,m2iam,us-east-1,modmed-dbstage-global-eks,1.34,i-0f6bf5969ddeee6e2,ami-02382489c95ee1382,2025-11-20,83 days,Amazon Linux 2023,m7i-flex.2xlarge,running,62 days 17 hours,ami-0297916cef61076f8,2026-01-29,True,N/A,1
874823723256,m2iam,us-east-1,modmed-dbstage-global-eks,1.34,i-0cd04cb7f8157bfec,ami-02382489c95ee1382,2025-11-20,83 days,Amazon Linux 2023,m5.4xlarge,running,62 days 16 hours,ami-0297916cef61076f8,2026-01-29,True,N/A,1
874823723256,m2iam,us-east-1,modmed-dbstage-global-eks,1.34,i-0f0abbb5e833b1b7c,ami-02382489c95ee1382,2025-11-20,83 days,Amazon Linux 2023,m5a.4xlarge,running,62 days 11 hours,ami-0297916cef61076f8,2026-01-29,True,N/A,1
874823723256,m2iam,us-east-1,modmed-dbstage-global-eks,1.34,i-0da4be54d24f5f7a2,ami-02382489c95ee1382,2025-11-20,83 days,Amazon Linux 2023,m5.2xlarge,running,62 days 11 hours,ami-0297916cef61076f8,2026-01-29,True,N/A,1
874823723256,m2iam,us-east-1,modmed-dbstage-global-eks,1.34,i-0c49974079809a7ef,ami-02382489c95ee1382,2025-11-20,83 days,Amazon Linux 2023,m7i-flex.2xlarge,running,62 days 19 hours,ami-0297916cef61076f8,2026-01-29,True,N/A,1
874823723256,m2iam,us-east-1,modmed-dbstage-global-eks,1.34,i-04eb3efad464ba4cd,ami-02382489c95ee1382,2025-11-20,83 days,Amazon Linux 2023,m7i-flex.2xlarge,running,62 days 19 hours,ami-0297916cef61076f8,2026-01-29,True,N/A,1
874823723256,m2iam,us-east-1,modmed-dbstage-global-eks,1.34,i-0dcc12492509eeeae,ami-02382489c95ee1382,2025-11-20,83 days,Amazon Linux 2023,m7i-flex.2xlarge,running,62 days 19 hours,ami-0297916cef61076f8,2026-01-29,True,N/A,1
874823723256,m2iam,us-east-1,modmed-dbstage-global-eks,1.34,i-02cf33b28ed7d1ecd,ami-02382489c95ee1382,2025-11-20,83 days,Amazon Linux 2023,m7i-flex.2xlarge,running,62 days 19 hours,ami-0297916cef61076f8,2026-01-29,True,N/A,1
874823723256,m2iam,us-east-1,modmed-dbstage-global-eks,1.34,i-0db85ea1e645e5414,ami-02382489c95ee1382,2025-11-20,83 days,Amazon Linux 2023,m5.4xlarge,running,62 days 11 hours,ami-0297916cef61076f8,2026-01-29,True,N/A,1
874823723256,m2iam,us-east-1,modmed-dbstage-global-eks,1.34,i-07726ddecc165995a,ami-02382489c95ee1382,2025-11-20,83 days,Amazon Linux 2023,m7i-flex.2xlarge,running,62 days 19 hours,ami-0297916cef61076f8,2026-01-29,True,N/A,1
874823723256,m2iam,us-east-1,modmed-dbstage-global-eks,1.34,i-0a0b918aa6e736b77,ami-02382489c95ee1382,2025-11-20,83 days,Amazon Linux 2023,m7i-flex.2xlarge,running,62 days 17 hours,ami-0297916cef61076f8,2026-01-29,True,N/A,1
874823723256,m2iam,us-east-1,modmed-dbstage-global-eks,1.34,i-0cf8fa001d369867f,ami-02382489c95ee1382,2025-11-20,83 days,Amazon Linux 2023,m7i-flex.2xlarge,running,62 days 17 hours,ami-0297916cef61076f8,2026-01-29,True,N/A,1
874823723256,m2iam,us-east-1,modmed-dbstage-global-eks,1.34,i-0881d821b682cde2e,ami-02382489c95ee1382,2025-11-20,83 days,Amazon Linux 2023,m6a.large,running,0 days 0 hours,ami-0297916cef61076f8,2026-01-29,True,N/A,1
874823723256,m2iam,us-east-1,modmed-dbstage-global-eks,1.34,i-03e8321cac5aa48cc,ami-02382489c95ee1382,2025-11-20,83 days,Amazon Linux 2023,m5.8xlarge,running,62 days 16 hours,ami-0297916cef61076f8,2026-01-29,True,N/A,1
874823723256,m2iam,us-east-1,modmed-dbstage-global-eks,1.34,i-0014f337110a47e7c,ami-02382489c95ee1382,2025-11-20,83 days,Amazon Linux 2023,m5a.4xlarge,running,57 days 15 hours,ami-0297916cef61076f8,2026-01-29,True,N/A,1
874823723256,m2iam,us-east-1,modmed-dbstage-global-eks,1.34,i-0bed36be34bb0d8db,ami-02382489c95ee1382,2025-11-20,83 days,Amazon Linux 2023,r6i.large,running,8 days 20 hours,ami-0297916cef61076f8,2026-01-29,True,N/A,1
874823723256,m2iam,us-east-1,modmed-dbstage-global-eks,1.34,i-09a74140af910e65e,ami-02382489c95ee1382,2025-11-20,83 days,Amazon Linux 2023,m7i-flex.2xlarge,running,62 days 19 hours,ami-0297916cef61076f8,2026-01-29,True,N/A,1
874823723256,m2iam,us-east-1,modmed-dbstage-global-eks,1.34,i-0f39f32f588d1a7c8,ami-02382489c95ee1382,2025-11-20,83 days,Amazon Linux 2023,m7i-flex.2xlarge,running,62 days 19 hours,ami-0297916cef61076f8,2026-01-29,True,N/A,1
874823723256,m2iam,us-east-1,modmed-dbstage-global-eks,1.34,i-0143ae4a2cece3e2d,ami-02382489c95ee1382,2025-11-20,83 days,Amazon Linux 2023,m5.8xlarge,running,62 days 16 hours,ami-0297916cef61076f8,2026-01-29,True,N/A,1
874823723256,m2iam,us-east-1,modmed-dbstage-global-eks,1.34,i-02ed276344e9957bd,ami-02382489c95ee1382,2025-11-20,83 days,Amazon Linux 2023,r6i.large,running,0 days 1 hours,ami-0297916cef61076f8,2026-01-29,True,N/A,1
874823723256,m2iam,us-east-1,modmed-dbstage-global-eks,1.34,i-08ea13d1cecffdc27,ami-02382489c95ee1382,2025-11-20,83 days,Amazon Linux 2023,m6a.2xlarge,running,0 days 4 hours,ami-0297916cef61076f8,2026-01-29,True,N/A,1
874823723256,m2iam,us-east-1,modmed-dbstage-global-eks,1.34,i-084f57d613d151640,ami-02382489c95ee1382,2025-11-20,83 days,Amazon Linux 2023,m5.2xlarge,running,57 days 15 hours,ami-0297916cef61076f8,2026-01-29,True,N/A,1
874823723256,m2iam,us-east-1,modmed-dbstage-global-eks,1.34,i-099c6638cd016b04e,ami-02382489c95ee1382,2025-11-20,83 days,Amazon Linux 2023,m6a.xlarge,running,0 days 4 hours,ami-0297916cef61076f8,2026-01-29,True,N/A,1
874823723256,m2iam,us-east-1,modmed-dbstage-global-eks,1.34,i-0d440f5a0e3390885,ami-02382489c95ee1382,2025-11-20,83 days,Amazon Linux 2023,r4.2xlarge,running,0 days 0 hours,ami-0297916cef61076f8,2026-01-29,True,N/A,1
874823723256,m2iam,us-east-1,modmed-dbstage-global-eks,1.34,i-0ff0398dcdc46ac52,ami-02382489c95ee1382,2025-11-20,83 days,Amazon Linux 2023,m5a.large,running,0 days 23 hours,ami-0297916cef61076f8,2026-01-29,True,N/A,1
874823723256,m2iam,us-east-1,modmed-dbstage-global-eks,1.34,i-036b7c3e4ab40fe7c,ami-02382489c95ee1382,2025-11-20,83 days,Amazon Linux 2023,r4.large,running,0 days 20 hours,ami-0297916cef61076f8,2026-01-29,True,N/A,1
874823723256,m2iam,us-east-1,modmed-dbstage-global-eks,1.34,i-02c563c01e5c52a3c,ami-02382489c95ee1382,2025-11-20,83 days,Amazon Linux 2023,m5a.xlarge,running,0 days 4 hours,ami-0297916cef61076f8,2026-01-29,True,N/A,1
874823723256,m2iam,us-east-1,modmed-dbstage-global-eks,1.34,i-0dc4643aa3a0eafff,ami-02382489c95ee1382,2025-11-20,83 days,Amazon Linux 2023,r6i.large,running,0 days 0 hours,ami-0297916cef61076f8,2026-01-29,True,N/A,1
556664958801,556664958801,us-east-2,modmed-mmpay-stg-global-eks,1.34,i-0fe1b3a0d0092cfe1,ami-0341c526b47eb5b86,2025-11-20,83 days,Amazon Linux 2023,m5.2xlarge,running,64 days 14 hours,ami-06166778931250224,2026-02-10,True,N/A,1
556664958801,556664958801,us-east-2,modmed-mmpay-stg-global-eks,1.34,i-08840d6cfa90d3345,ami-0341c526b47eb5b86,2025-11-20,83 days,Amazon Linux 2023,m5.2xlarge,running,64 days 14 hours,ami-06166778931250224,2026-02-10,True,N/A,1
556664958801,556664958801,us-east-2,modmed-mmpay-stg-global-eks,1.34,i-006121f9207d5c5db,ami-0341c526b47eb5b86,2025-11-20,83 days,Amazon Linux 2023,m5.2xlarge,running,2 days 7 hours,ami-06166778931250224,2026-02-10,True,N/A,1
556664958801,556664958801,us-east-2,modmed-mmpay-stg-global-eks,1.34,i-00a29c4237029737d,ami-0341c526b47eb5b86,2025-11-20,83 days,Amazon Linux 2023,m5.2xlarge,running,2 days 7 hours,ami-06166778931250224,2026-02-10,True,N/A,1
556664958801,556664958801,us-east-2,modmed-mmpay-stg-global-eks,1.34,i-003a30e14b245642d,ami-0341c526b47eb5b86,2025-11-20,83 days,Amazon Linux 2023,m5.2xlarge,running,4 days 18 hours,ami-06166778931250224,2026-02-10,True,N/A,1
556664958801,556664958801,us-east-2,modmed-mmpay-stg-global-eks,1.34,i-0a2144f6135db1b88,ami-0341c526b47eb5b86,2025-11-20,83 days,Amazon Linux 2023,m5.2xlarge,running,4 days 18 hours,ami-06166778931250224,2026-02-10,True,N/A,1
556664958801,556664958801,us-east-2,modmed-mmpay-stg-global-eks,1.34,i-097d3b7087c8ca570,ami-0341c526b47eb5b86,2025-11-20,83 days,Amazon Linux 2023,m5.2xlarge,running,15 days 5 hours,ami-06166778931250224,2026-02-10,True,N/A,1
170478468157,mmpay-prod,us-east-1,modmed-mmpay-prod-global-eks,1.34,i-0c9427a072ead87fa,ami-0099aec4d692cdf66,2025-10-08,127 days,Amazon Linux 2023,m5.2xlarge,running,113 days 7 hours,ami-0297916cef61076f8,2026-01-29,True,N/A,1
170478468157,mmpay-prod,us-east-1,modmed-mmpay-prod-global-eks,1.34,i-0292706e69fde7f47,ami-0099aec4d692cdf66,2025-10-08,127 days,Amazon Linux 2023,m5.2xlarge,running,113 days 7 hours,ami-0297916cef61076f8,2026-01-29,True,N/A,1
170478468157,mmpay-prod,us-east-1,modmed-mmpay-prod-global-eks,1.34,i-0b94b295ec1736418,ami-0099aec4d692cdf66,2025-10-08,127 days,Amazon Linux 2023,m5.2xlarge,running,113 days 7 hours,ami-0297916cef61076f8,2026-01-29,True,N/A,1
170478468157,mmpay-prod,us-east-1,modmed-mmpay-prod-global-eks,1.34,i-0f78aa1119ee240dc,ami-0099aec4d692cdf66,2025-10-08,127 days,Amazon Linux 2023,m5.2xlarge,running,113 days 7 hours,ami-0297916cef61076f8,2026-01-29,True,N/A,1
170478468157,mmpay-prod,us-east-1,modmed-mmpay-prod-global-eks,1.34,i-0d2056ddbe4fc3be4,ami-0099aec4d692cdf66,2025-10-08,127 days,Amazon Linux 2023,m5.2xlarge,running,113 days 7 hours,ami-0297916cef61076f8,2026-01-29,True,N/A,1
170478468157,mmpay-prod,us-east-1,modmed-mmpay-prod-global-eks,1.34,i-0808a70911b0d2dc8,ami-0099aec4d692cdf66,2025-10-08,127 days,Amazon Linux 2023,m5.2xlarge,running,113 days 7 hours,ami-0297916cef61076f8,2026-01-29,True,N/A,1
170478468157,mmpay-prod,us-east-1,modmed-mmpay-prod-global-eks,1.34,i-02186e4928ac78e52,ami-0099aec4d692cdf66,2025-10-08,127 days,Amazon Linux 2023,m5.2xlarge,running,113 days 7 hours,ami-0297916cef61076f8,2026-01-29,True,N/A,1
170478468157,mmpay-prod,us-east-1,modmed-mmpay-prod-global-eks,1.34,i-0f893346453792661,ami-0099aec4d692cdf66,2025-10-08,127 days,Amazon Linux 2023,m5.2xlarge,running,113 days 7 hours,ami-0297916cef61076f8,2026-01-29,True,N/A,1
562238536321,mm-prod-k8s,us-east-2,mmgi-prod-global,1.34,N/A,N/A,N/A,N/A,N/A,N/A,N/A,N/A,N/A,N/A,N/A,N/A,1
562238536321,mm-prod-k8s,us-east-2,mmgi-prod-global-b,1.30,i-079b16afa1e31c6b0,ami-09f76cc316309580b,2025-11-14,89 days,Amazon Linux 2023,m8i.8xlarge,running,84 days 7 hours,ami-0753591e9f12855a8,2026-02-10,True,N/A,0
562238536321,mm-prod-k8s,us-east-2,mmgi-prod-global-b,1.30,i-03550a8a5b9d4a734,ami-09f76cc316309580b,2025-11-14,89 days,Amazon Linux 2023,m8i.8xlarge,running,63 days 14 hours,ami-0753591e9f12855a8,2026-02-10,True,N/A,0
562238536321,mm-prod-k8s,us-east-2,mmgi-prod-global-b,1.30,i-01b5ceb2f59c1002e,ami-09f76cc316309580b,2025-11-14,89 days,Amazon Linux 2023,m8i.8xlarge,running,63 days 14 hours,ami-0753591e9f12855a8,2026-02-10,True,N/A,0
562238536321,mm-prod-k8s,us-east-2,mmgi-prod-global-b,1.30,i-074d6b9c7ec8dcaec,ami-09f76cc316309580b,2025-11-14,89 days,Amazon Linux 2023,m8i.8xlarge,running,84 days 7 hours,ami-0753591e9f12855a8,2026-02-10,True,N/A,0
562238536321,mm-prod-k8s,us-east-2,mmgi-prod-global-b,1.30,i-07b98470c78c9c0c1,ami-09f76cc316309580b,2025-11-14,89 days,Amazon Linux 2023,m8i.8xlarge,running,63 days 14 hours,ami-0753591e9f12855a8,2026-02-10,True,N/A,0
562238536321,mm-prod-k8s,us-east-2,mmgi-prod-global-b,1.30,i-036bdc6b6465245c3,ami-09f76cc316309580b,2025-11-14,89 days,Amazon Linux 2023,m8i.8xlarge,running,62 days 18 hours,ami-0753591e9f12855a8,2026-02-10,True,N/A,0
562238536321,mm-prod-k8s,us-east-2,mmgi-prod-global-b,1.30,i-0db2c118f51fae3c0,ami-09f76cc316309580b,2025-11-14,89 days,Amazon Linux 2023,m8i.8xlarge,running,63 days 14 hours,ami-0753591e9f12855a8,2026-02-10,True,N/A,0
562238536321,mm-prod-k8s,us-east-2,mmgi-prod-global-b,1.30,i-015518e3192b1270d,ami-09f76cc316309580b,2025-11-14,89 days,Amazon Linux 2023,m8i.8xlarge,running,62 days 18 hours,ami-0753591e9f12855a8,2026-02-10,True,N/A,0
562238536321,mm-prod-k8s,us-east-2,modmed-prod-global,1.34,N/A,N/A,N/A,N/A,N/A,N/A,N/A,N/A,N/A,N/A,N/A,N/A,1
562238536321,mm-prod-k8s,us-east-2,modmed-prod-global-b,1.34,i-010ae9e0776eb78bf,ami-0aec24acb5eccc89d,2025-11-04,99 days,Amazon Linux 2023,r7i.8xlarge,running,98 days 22 hours,ami-06166778931250224,2026-02-10,True,N/A,1
562238536321,mm-prod-k8s,us-east-2,modmed-prod-global-b,1.34,i-0cd381afcbe9fbfe7,ami-0aec24acb5eccc89d,2025-11-04,99 days,Amazon Linux 2023,r7i.8xlarge,running,98 days 22 hours,ami-06166778931250224,2026-02-10,True,N/A,1
562238536321,mm-prod-k8s,us-east-2,modmed-prod-global-b,1.34,i-0508ed4118213162f,ami-0aec24acb5eccc89d,2025-11-04,99 days,Amazon Linux 2023,r7i.8xlarge,running,98 days 22 hours,ami-06166778931250224,2026-02-10,True,N/A,1
562238536321,mm-prod-k8s,us-east-2,modmed-prod-global-b,1.34,i-0d967ff12cdf6a0e3,ami-0aec24acb5eccc89d,2025-11-04,99 days,Amazon Linux 2023,m7i.16xlarge,running,98 days 9 hours,ami-06166778931250224,2026-02-10,True,N/A,1
562238536321,mm-prod-k8s,us-east-2,modmed-prod-global-b,1.34,i-0a42051033516e3b6,ami-0aec24acb5eccc89d,2025-11-04,99 days,Amazon Linux 2023,m7i.16xlarge,running,98 days 9 hours,ami-06166778931250224,2026-02-10,True,N/A,1
562238536321,mm-prod-k8s,us-east-2,modmed-prod-global-b,1.34,i-06759edeb1337ec87,ami-0aec24acb5eccc89d,2025-11-04,99 days,Amazon Linux 2023,m7i.16xlarge,running,98 days 9 hours,ami-06166778931250224,2026-02-10,True,N/A,1
562238536321,mm-prod-k8s,us-east-2,modmed-prod-global-b,1.34,i-01a4f8bcbe7f20657,ami-0aec24acb5eccc89d,2025-11-04,99 days,Amazon Linux 2023,m7i.16xlarge,running,98 days 9 hours,ami-06166778931250224,2026-02-10,True,N/A,1
562238536321,mm-prod-k8s,us-east-2,modmed-prod-global-b,1.34,i-074b14ed89a984893,ami-0aec24acb5eccc89d,2025-11-04,99 days,Amazon Linux 2023,m7i.16xlarge,running,98 days 9 hours,ami-06166778931250224,2026-02-10,True,N/A,1
562238536321,mm-prod-k8s,us-east-2,modmed-prod-global-b,1.34,i-0ef09558ffc61e097,ami-0aec24acb5eccc89d,2025-11-04,99 days,Amazon Linux 2023,m7i.16xlarge,running,98 days 9 hours,ami-06166778931250224,2026-02-10,True,N/A,1
562238536321,mm-prod-k8s,us-east-2,modmed-prod-global-b,1.34,i-03473660a59f59a42,ami-0aec24acb5eccc89d,2025-11-04,99 days,Amazon Linux 2023,m7i.16xlarge,running,98 days 9 hours,ami-06166778931250224,2026-02-10,True,N/A,1
562238536321,mm-prod-k8s,us-east-2,modmed-prod-global-b,1.34,i-09afa11cf479b12a9,ami-0aec24acb5eccc89d,2025-11-04,99 days,Amazon Linux 2023,m7i.16xlarge,running,98 days 7 hours,ami-06166778931250224,2026-02-10,True,N/A,1
562238536321,mm-prod-k8s,us-east-2,modmed-prod-global-b,1.34,i-0fa5e957eda599439,ami-0aec24acb5eccc89d,2025-11-04,99 days,Amazon Linux 2023,r7i.8xlarge,running,98 days 22 hours,ami-06166778931250224,2026-02-10,True,N/A,1
562238536321,mm-prod-k8s,us-east-2,modmed-prod-global-b,1.34,i-0e57eb9a5699d2298,ami-0aec24acb5eccc89d,2025-11-04,99 days,Amazon Linux 2023,m7i.16xlarge,running,98 days 7 hours,ami-06166778931250224,2026-02-10,True,N/A,1
562238536321,mm-prod-k8s,us-east-2,modmed-prod-global-b,1.34,i-0a9908feadb7df39e,ami-0aec24acb5eccc89d,2025-11-04,99 days,Amazon Linux 2023,m7i.16xlarge,running,98 days 7 hours,ami-06166778931250224,2026-02-10,True,N/A,1
562238536321,mm-prod-k8s,us-east-2,modmed-prod-global-b,1.34,i-09cac2fec9b8f6fa5,ami-0aec24acb5eccc89d,2025-11-04,99 days,Amazon Linux 2023,r7a.8xlarge,running,0 days 8 hours,ami-06166778931250224,2026-02-10,True,N/A,1
562238536321,mm-prod-k8s,us-east-2,modmed-prod-global-b,1.34,i-047d118310cd82c24,ami-0aec24acb5eccc89d,2025-11-04,99 days,Amazon Linux 2023,r5.8xlarge,running,0 days 5 hours,ami-06166778931250224,2026-02-10,True,N/A,1
562238536321,mm-prod-k8s,us-east-2,modmed-prod-global-b,1.34,i-02f9bb106ef0ea183,ami-0aec24acb5eccc89d,2025-11-04,99 days,Amazon Linux 2023,r7a.4xlarge,running,0 days 6 hours,ami-06166778931250224,2026-02-10,True,N/A,1
562238536321,mm-prod-k8s,us-east-2,modmed-prod-global-b,1.34,i-07e88f7d12fd7df7d,ami-0aec24acb5eccc89d,2025-11-04,99 days,Amazon Linux 2023,r7a.8xlarge,running,0 days 2 hours,ami-06166778931250224,2026-02-10,True,N/A,1
562238536321,mm-prod-k8s,us-east-2,modmed-prod-global-b,1.34,i-0e163e4c50d61ec12,ami-0aec24acb5eccc89d,2025-11-04,99 days,Amazon Linux 2023,r7a.8xlarge,running,0 days 2 hours,ami-06166778931250224,2026-02-10,True,N/A,1
562238536321,mm-prod-k8s,us-east-2,modmed-prod-global-b,1.34,i-0e9a71e4c42707793,ami-0aec24acb5eccc89d,2025-11-04,99 days,Amazon Linux 2023,m7i.16xlarge,running,98 days 9 hours,ami-06166778931250224,2026-02-10,True,N/A,1
562238536321,mm-prod-k8s,us-east-2,modmed-prod-global-b,1.34,i-096b4b1a16209959d,ami-0aec24acb5eccc89d,2025-11-04,99 days,Amazon Linux 2023,m7i.16xlarge,running,98 days 9 hours,ami-06166778931250224,2026-02-10,True,N/A,1
562238536321,mm-prod-k8s,us-east-2,modmed-prod-global-b,1.34,i-0702114457b0373cb,ami-0aec24acb5eccc89d,2025-11-04,99 days,Amazon Linux 2023,m7i.16xlarge,running,98 days 9 hours,ami-06166778931250224,2026-02-10,True,N/A,1
562238536321,mm-prod-k8s,us-east-2,modmed-prod-global-b,1.34,i-0ad9b074e057496b9,ami-0aec24acb5eccc89d,2025-11-04,99 days,Amazon Linux 2023,m7i.16xlarge,running,98 days 9 hours,ami-06166778931250224,2026-02-10,True,N/A,1
562238536321,mm-prod-k8s,us-east-2,modmed-prod-global-b,1.34,i-02da78a7b232fe69f,ami-0aec24acb5eccc89d,2025-11-04,99 days,Amazon Linux 2023,m7i.16xlarge,running,98 days 9 hours,ami-06166778931250224,2026-02-10,True,N/A,1
562238536321,mm-prod-k8s,us-east-2,modmed-prod-global-b,1.34,i-0d1ca8790ada26750,ami-0aec24acb5eccc89d,2025-11-04,99 days,Amazon Linux 2023,m7i.16xlarge,running,98 days 9 hours,ami-06166778931250224,2026-02-10,True,N/A,1
562238536321,mm-prod-k8s,us-east-2,modmed-prod-global-b,1.34,i-01b74b9b32defe48a,ami-0aec24acb5eccc89d,2025-11-04,99 days,Amazon Linux 2023,r8a.4xlarge,running,9 days 19 hours,ami-06166778931250224,2026-02-10,True,N/A,1
562238536321,mm-prod-k8s,us-east-2,modmed-prod-global-b,1.34,i-0275e9b18a4e1aad8,ami-0aec24acb5eccc89d,2025-11-04,99 days,Amazon Linux 2023,r8a.4xlarge,running,5 days 17 hours,ami-06166778931250224,2026-02-10,True,N/A,1
562238536321,mm-prod-k8s,us-east-2,modmed-prod-global-b,1.34,i-0104b6710fb2c51c3,ami-0aec24acb5eccc89d,2025-11-04,99 days,Amazon Linux 2023,r6i.large,running,0 days 12 hours,ami-06166778931250224,2026-02-10,True,N/A,1
562238536321,mm-prod-k8s,us-east-2,modmed-prod-global-b,1.34,i-01a82a86c8e92069a,ami-0aec24acb5eccc89d,2025-11-04,99 days,Amazon Linux 2023,r7a.4xlarge,running,0 days 9 hours,ami-06166778931250224,2026-02-10,True,N/A,1
562238536321,mm-prod-k8s,us-east-2,modmed-prod-global-b,1.34,i-06b79513c1e363c16,ami-0aec24acb5eccc89d,2025-11-04,99 days,Amazon Linux 2023,r7a.4xlarge,running,0 days 9 hours,ami-06166778931250224,2026-02-10,True,N/A,1
562238536321,mm-prod-k8s,us-east-2,modmed-prod-global-b,1.34,i-0f88dbff0c506b8f3,ami-0aec24acb5eccc89d,2025-11-04,99 days,Amazon Linux 2023,r7a.8xlarge,running,0 days 7 hours,ami-06166778931250224,2026-02-10,True,N/A,1
562238536321,mm-prod-k8s,us-east-2,modmed-prod-global-b,1.34,i-032d1ea7524aaf469,ami-0aec24acb5eccc89d,2025-11-04,99 days,Amazon Linux 2023,r7a.4xlarge,running,0 days 5 hours,ami-06166778931250224,2026-02-10,True,N/A,1
562238536321,mm-prod-k8s,us-east-2,modmed-prod-global-b,1.34,i-0702adb4094a7cc5e,ami-0aec24acb5eccc89d,2025-11-04,99 days,Amazon Linux 2023,r7a.4xlarge,running,0 days 6 hours,ami-06166778931250224,2026-02-10,True,N/A,1
562238536321,mm-prod-k8s,us-east-2,modmed-prod-global-b,1.34,i-00da79b336728b30d,ami-0aec24acb5eccc89d,2025-11-04,99 days,Amazon Linux 2023,r7a.4xlarge,running,0 days 5 hours,ami-06166778931250224,2026-02-10,True,N/A,1
562238536321,mm-prod-k8s,us-east-2,modmed-prod-global-b,1.34,i-0e18448eeaa2beb1d,ami-0aec24acb5eccc89d,2025-11-04,99 days,Amazon Linux 2023,m7i.16xlarge,running,98 days 9 hours,ami-06166778931250224,2026-02-10,True,N/A,1
562238536321,mm-prod-k8s,us-east-2,modmed-prod-global-b,1.34,i-0156eca3a311b67a2,ami-0aec24acb5eccc89d,2025-11-04,99 days,Amazon Linux 2023,m7i.16xlarge,running,98 days 9 hours,ami-06166778931250224,2026-02-10,True,N/A,1
562238536321,mm-prod-k8s,us-east-2,modmed-prod-global-b,1.34,i-00d2f364c579a8350,ami-0aec24acb5eccc89d,2025-11-04,99 days,Amazon Linux 2023,m7i.16xlarge,running,98 days 9 hours,ami-06166778931250224,2026-02-10,True,N/A,1
562238536321,mm-prod-k8s,us-east-2,modmed-prod-global-b,1.34,i-039ff67e1ce7648a2,ami-0aec24acb5eccc89d,2025-11-04,99 days,Amazon Linux 2023,m7i.16xlarge,running,98 days 9 hours,ami-06166778931250224,2026-02-10,True,N/A,1
562238536321,mm-prod-k8s,us-east-2,modmed-prod-global-b,1.34,i-050c13ef485061687,ami-0aec24acb5eccc89d,2025-11-04,99 days,Amazon Linux 2023,m7i.16xlarge,running,98 days 9 hours,ami-06166778931250224,2026-02-10,True,N/A,1
562238536321,mm-prod-k8s,us-east-2,modmed-prod-global-b,1.34,i-0a14c386cfc24e984,ami-0aec24acb5eccc89d,2025-11-04,99 days,Amazon Linux 2023,m7i.16xlarge,running,98 days 9 hours,ami-06166778931250224,2026-02-10,True,N/A,1
562238536321,mm-prod-k8s,us-east-2,modmed-prod-global-b,1.34,i-0605edaed3732d4e7,ami-0aec24acb5eccc89d,2025-11-04,99 days,Amazon Linux 2023,m7i.16xlarge,running,98 days 9 hours,ami-06166778931250224,2026-02-10,True,N/A,1
562238536321,mm-prod-k8s,us-east-2,modmed-prod-global-b,1.34,i-00196b4e32f8795f3,ami-0aec24acb5eccc89d,2025-11-04,99 days,Amazon Linux 2023,m7i.16xlarge,running,19 days 13 hours,ami-06166778931250224,2026-02-10,True,N/A,1
562238536321,mm-prod-k8s,us-east-2,modmed-prod-global-b,1.34,i-05d7b35f164c623b8,ami-0aec24acb5eccc89d,2025-11-04,99 days,Amazon Linux 2023,r8i.4xlarge,running,0 days 16 hours,ami-06166778931250224,2026-02-10,True,N/A,1
562238536321,mm-prod-k8s,us-east-2,modmed-prod-global-b,1.34,i-02e6b695b649ef1ed,ami-0aec24acb5eccc89d,2025-11-04,99 days,Amazon Linux 2023,r5.8xlarge,running,0 days 15 hours,ami-06166778931250224,2026-02-10,True,N/A,1
562238536321,mm-prod-k8s,us-east-2,modmed-prod-global-b,1.34,i-0e2460b9c0827f710,ami-0aec24acb5eccc89d,2025-11-04,99 days,Amazon Linux 2023,r5.8xlarge,running,0 days 12 hours,ami-06166778931250224,2026-02-10,True,N/A,1
562238536321,mm-prod-k8s,us-east-2,modmed-prod-global-b,1.34,i-05b367740d1948b71,ami-0aec24acb5eccc89d,2025-11-04,99 days,Amazon Linux 2023,r7a.8xlarge,running,0 days 9 hours,ami-06166778931250224,2026-02-10,True,N/A,1
562238536321,mm-prod-k8s,us-east-2,modmed-prod-global-b,1.34,i-0718d8461acd55e9b,ami-0aec24acb5eccc89d,2025-11-04,99 days,Amazon Linux 2023,r6i.4xlarge,running,0 days 7 hours,ami-06166778931250224,2026-02-10,True,N/A,1
562238536321,mm-prod-k8s,us-east-2,modmed-prod-global-b,1.34,i-08742d9959e57b3c1,ami-0aec24acb5eccc89d,2025-11-04,99 days,Amazon Linux 2023,r6i.4xlarge,running,0 days 7 hours,ami-06166778931250224,2026-02-10,True,N/A,1
562238536321,mm-prod-k8s,us-east-2,modmed-prod-global-b,1.34,i-0426d6cca4de9c8d7,ami-0aec24acb5eccc89d,2025-11-04,99 days,Amazon Linux 2023,r8i.8xlarge,running,0 days 6 hours,ami-06166778931250224,2026-02-10,True,N/A,1
562238536321,mm-prod-k8s,us-east-2,modmed-prod-global-b,1.34,i-04a7021fae99aeaf9,ami-0aec24acb5eccc89d,2025-11-04,99 days,Amazon Linux 2023,r7i.8xlarge,running,0 days 4 hours,ami-06166778931250224,2026-02-10,True,N/A,1
562238536321,mm-prod-k8s,us-east-2,modmed-prod-global-b,1.34,i-0323da6c0b72ae96d,ami-0aec24acb5eccc89d,2025-11-04,99 days,Amazon Linux 2023,r5.8xlarge,running,0 days 0 hours,ami-06166778931250224,2026-02-10,True,N/A,1
562238536321,mm-prod-k8s,us-east-2,modmed-prod-global-b,1.34,i-049cc5893c61d2f4d,ami-0aec24acb5eccc89d,2025-11-04,99 days,Amazon Linux 2023,r8i.8xlarge,running,0 days 10 hours,ami-06166778931250224,2026-02-10,True,N/A,1
562238536321,mm-prod-k8s,us-east-2,modmed-prod-global-b,1.34,i-0dc1d2d19add16628,ami-0aec24acb5eccc89d,2025-11-04,99 days,Amazon Linux 2023,r6i.4xlarge,running,0 days 7 hours,ami-06166778931250224,2026-02-10,True,N/A,1
562238536321,mm-prod-k8s,us-east-2,modmed-prod-global-b,1.34,i-025e916ed63dcbb80,ami-0aec24acb5eccc89d,2025-11-04,99 days,Amazon Linux 2023,r7a.8xlarge,running,0 days 9 hours,ami-06166778931250224,2026-02-10,True,N/A,1
562238536321,mm-prod-k8s,us-east-2,modmed-prod-global-b,1.34,i-054802195686e2ac2,ami-0aec24acb5eccc89d,2025-11-04,99 days,Amazon Linux 2023,r8i.8xlarge,running,0 days 5 hours,ami-06166778931250224,2026-02-10,True,N/A,1
562238536321,mm-prod-k8s,us-east-2,modmed-prod-global-b,1.34,i-0be0e4de6975b27de,ami-0aec24acb5eccc89d,2025-11-04,99 days,Amazon Linux 2023,r6i.4xlarge,running,0 days 7 hours,ami-06166778931250224,2026-02-10,True,N/A,1
562238536321,mm-prod-k8s,us-east-2,modmed-prod-global-b,1.34,i-02648d35442f68599,ami-0aec24acb5eccc89d,2025-11-04,99 days,Amazon Linux 2023,r5.8xlarge,running,0 days 8 hours,ami-06166778931250224,2026-02-10,True,N/A,1
562238536321,mm-prod-k8s,us-east-2,modmed-prod-global-b,1.34,i-05cfc5ccde23d275f,ami-0aec24acb5eccc89d,2025-11-04,99 days,Amazon Linux 2023,r5.8xlarge,running,0 days 8 hours,ami-06166778931250224,2026-02-10,True,N/A,1
562238536321,mm-prod-k8s,us-east-2,modmed-prod-global-b,1.34,i-0455ac9ab8598a26a,ami-0aec24acb5eccc89d,2025-11-04,99 days,Amazon Linux 2023,r6i.4xlarge,running,0 days 7 hours,ami-06166778931250224,2026-02-10,True,N/A,1
562238536321,mm-prod-k8s,us-east-2,modmed-prod-global-b,1.34,i-0dbf6f9358cffe3c0,ami-0aec24acb5eccc89d,2025-11-04,99 days,Amazon Linux 2023,r8i.8xlarge,running,0 days 5 hours,ami-06166778931250224,2026-02-10,True,N/A,1
562238536321,mm-prod-k8s,us-east-2,modmed-prod-global-b,1.34,i-09cbd5d66a0a90c43,ami-0aec24acb5eccc89d,2025-11-04,99 days,Amazon Linux 2023,r8i.4xlarge,running,0 days 3 hours,ami-06166778931250224,2026-02-10,True,N/A,1
562238536321,mm-prod-k8s,us-east-2,modmed-prod-global-b,1.34,i-089240dff0952aba5,ami-0aec24acb5eccc89d,2025-11-04,99 days,Amazon Linux 2023,r5.8xlarge,running,0 days 16 hours,ami-06166778931250224,2026-02-10,True,N/A,1
562238536321,mm-prod-k8s,us-east-2,modmed-prod-global-b,1.34,i-09749ec4b006bc613,ami-0aec24acb5eccc89d,2025-11-04,99 days,Amazon Linux 2023,r5.8xlarge,running,0 days 12 hours,ami-06166778931250224,2026-02-10,True,N/A,1
562238536321,mm-prod-k8s,us-east-2,modmed-prod-global-b,1.34,i-0f02836989989864e,ami-0aec24acb5eccc89d,2025-11-04,99 days,Amazon Linux 2023,r5.8xlarge,running,0 days 12 hours,ami-06166778931250224,2026-02-10,True,N/A,1
562238536321,mm-prod-k8s,us-east-2,modmed-prod-global-b,1.34,i-010c8936bddaf59bf,ami-0aec24acb5eccc89d,2025-11-04,99 days,Amazon Linux 2023,r6i.4xlarge,running,0 days 10 hours,ami-06166778931250224,2026-02-10,True,N/A,1
562238536321,mm-prod-k8s,us-east-2,modmed-prod-global-b,1.34,i-0c8956d250619be65,ami-0aec24acb5eccc89d,2025-11-04,99 days,Amazon Linux 2023,r7i.4xlarge,running,0 days 5 hours,ami-06166778931250224,2026-02-10,True,N/A,1
562238536321,mm-prod-k8s,us-east-2,modmed-prod-global-b,1.34,i-04d584065c10b9083,ami-0aec24acb5eccc89d,2025-11-04,99 days,Amazon Linux 2023,r6i.4xlarge,running,0 days 0 hours,ami-06166778931250224,2026-02-10,True,N/A,1
562238536321,mm-prod-k8s,us-east-2,modmed-prod-global-b,1.34,i-0c558febe4123387d,ami-0aec24acb5eccc89d,2025-11-04,99 days,Amazon Linux 2023,r8a.4xlarge,running,1 days 12 hours,ami-06166778931250224,2026-02-10,True,N/A,1
562238536321,mm-prod-k8s,us-east-2,modmed-prod-global-b,1.34,i-0549b8938bdf1ab23,ami-0aec24acb5eccc89d,2025-11-04,99 days,Amazon Linux 2023,r5.8xlarge,running,0 days 16 hours,ami-06166778931250224,2026-02-10,True,N/A,1
562238536321,mm-prod-k8s,us-east-2,modmed-prod-global-b,1.34,i-0e7289335021f4258,ami-0aec24acb5eccc89d,2025-11-04,99 days,Amazon Linux 2023,r5.8xlarge,running,0 days 15 hours,ami-06166778931250224,2026-02-10,True,N/A,1
562238536321,mm-prod-k8s,us-east-2,modmed-prod-global-b,1.34,i-05c7ea9618da16529,ami-0aec24acb5eccc89d,2025-11-04,99 days,Amazon Linux 2023,r5.8xlarge,running,0 days 16 hours,ami-06166778931250224,2026-02-10,True,N/A,1
562238536321,mm-prod-k8s,us-east-2,modmed-prod-global-b,1.34,i-0834b8760cbb807d5,ami-0aec24acb5eccc89d,2025-11-04,99 days,Amazon Linux 2023,r6i.4xlarge,running,0 days 10 hours,ami-06166778931250224,2026-02-10,True,N/A,1
562238536321,mm-prod-k8s,us-east-2,modmed-prod-global-b,1.34,i-0617f23f8d78b760b,ami-0aec24acb5eccc89d,2025-11-04,99 days,Amazon Linux 2023,r7i.8xlarge,running,0 days 10 hours,ami-06166778931250224,2026-02-10,True,N/A,1
562238536321,mm-prod-k8s,us-east-2,modmed-prod-global-b,1.34,i-0a411081494564958,ami-0aec24acb5eccc89d,2025-11-04,99 days,Amazon Linux 2023,r7i.8xlarge,running,0 days 5 hours,ami-06166778931250224,2026-02-10,True,N/A,1
562238536321,mm-prod-k8s,us-east-2,modmed-prod-global-b,1.34,i-0ae6cb72e7f4df7c5,ami-0aec24acb5eccc89d,2025-11-04,99 days,Amazon Linux 2023,r7i.8xlarge,running,0 days 4 hours,ami-06166778931250224,2026-02-10,True,N/A,1
244564253140,mmi-qa-m2k8s,us-east-2,mmgi-qa-global,1.34,N/A,N/A,N/A,N/A,N/A,N/A,N/A,N/A,N/A,N/A,N/A,N/A,1
244564253140,mmi-qa-m2k8s,us-east-2,mmgi-qa-global-b,1.34,i-095ec8e4b9560b2eb,ami-0a3eb8474928de6b8,2026-01-29,13 days,Amazon Linux 2023,m7i-flex.2xlarge,running,7 days 13 hours,ami-06166778931250224,2026-02-10,False,N/A,1
244564253140,mmi-qa-m2k8s,us-east-2,mmgi-qa-global-b,1.34,i-0cbb9d295f3651c65,ami-0341c526b47eb5b86,2025-11-20,83 days,Amazon Linux 2023,r4.large,running,6 days 12 hours,ami-06166778931250224,2026-02-10,True,N/A,1
244564253140,mmi-qa-m2k8s,us-east-2,mmgi-qa-global-b,1.34,i-0a4147563630f86ea,ami-0a3eb8474928de6b8,2026-01-29,13 days,Amazon Linux 2023,m7i-flex.2xlarge,running,7 days 10 hours,ami-06166778931250224,2026-02-10,False,N/A,1
244564253140,mmi-qa-m2k8s,us-east-2,mmgi-qa-global-b,1.34,i-0e84d250ce7da186d,ami-0a3eb8474928de6b8,2026-01-29,13 days,Amazon Linux 2023,m7i-flex.2xlarge,running,7 days 9 hours,ami-06166778931250224,2026-02-10,False,N/A,1
244564253140,mmi-qa-m2k8s,us-east-2,mmgi-qa-global-b,1.34,i-0b7dd9caab53a3839,ami-0a3eb8474928de6b8,2026-01-29,13 days,Amazon Linux 2023,m7i-flex.2xlarge,running,7 days 9 hours,ami-06166778931250224,2026-02-10,False,N/A,1
244564253140,mmi-qa-m2k8s,us-east-2,mmgi-qa-global-b,1.34,i-0591219f2ceaed783,ami-0a3eb8474928de6b8,2026-01-29,13 days,Amazon Linux 2023,m7i-flex.2xlarge,running,7 days 10 hours,ami-06166778931250224,2026-02-10,False,N/A,1
244564253140,mmi-qa-m2k8s,us-east-2,mmgi-qa-global-b,1.34,i-0b9c7138959dc0f5e,ami-0a3eb8474928de6b8,2026-01-29,13 days,Amazon Linux 2023,m7i-flex.2xlarge,running,7 days 10 hours,ami-06166778931250224,2026-02-10,False,N/A,1
244564253140,mmi-qa-m2k8s,us-east-2,mmgi-qa-global-b,1.34,i-053583143c12f9ace,ami-0a3eb8474928de6b8,2026-01-29,13 days,Amazon Linux 2023,m7i-flex.2xlarge,running,7 days 10 hours,ami-06166778931250224,2026-02-10,False,N/A,1
244564253140,mmi-qa-m2k8s,us-east-2,modmed-qa-global,1.34,N/A,N/A,N/A,N/A,N/A,N/A,N/A,N/A,N/A,N/A,N/A,N/A,1
244564253140,mmi-qa-m2k8s,us-east-2,modmed-qa-global-b,1.34,i-07b4fe335f0154917,ami-0a3eb8474928de6b8,2026-01-29,13 days,Amazon Linux 2023,c5a.xlarge,running,1 days 23 hours,ami-06166778931250224,2026-02-10,False,N/A,1
244564253140,mmi-qa-m2k8s,us-east-2,modmed-qa-global-b,1.34,i-0258ec266a9b1feec,ami-0a3eb8474928de6b8,2026-01-29,13 days,Amazon Linux 2023,r6a.2xlarge,running,1 days 22 hours,ami-06166778931250224,2026-02-10,False,N/A,1
244564253140,mmi-qa-m2k8s,us-east-2,modmed-qa-global-b,1.34,i-08d8e99416fdf13b9,ami-0a3eb8474928de6b8,2026-01-29,13 days,Amazon Linux 2023,c5a.xlarge,running,1 days 22 hours,ami-06166778931250224,2026-02-10,False,N/A,1
244564253140,mmi-qa-m2k8s,us-east-2,modmed-qa-global-b,1.34,i-0facf2044e025eb23,ami-0a3eb8474928de6b8,2026-01-29,13 days,Amazon Linux 2023,c5a.xlarge,running,1 days 19 hours,ami-06166778931250224,2026-02-10,False,N/A,1
244564253140,mmi-qa-m2k8s,us-east-2,modmed-qa-global-b,1.34,i-089a62eb409153289,ami-0a3eb8474928de6b8,2026-01-29,13 days,Amazon Linux 2023,c5a.xlarge,running,1 days 17 hours,ami-06166778931250224,2026-02-10,False,N/A,1
244564253140,mmi-qa-m2k8s,us-east-2,modmed-qa-global-b,1.34,i-04cb28d64c7250e49,ami-0a3eb8474928de6b8,2026-01-29,13 days,Amazon Linux 2023,r4.xlarge,running,1 days 16 hours,ami-06166778931250224,2026-02-10,False,N/A,1
244564253140,mmi-qa-m2k8s,us-east-2,modmed-qa-global-b,1.34,i-0678d10e515a27343,ami-0a3eb8474928de6b8,2026-01-29,13 days,Amazon Linux 2023,r4.2xlarge,running,1 days 12 hours,ami-06166778931250224,2026-02-10,False,N/A,1
244564253140,mmi-qa-m2k8s,us-east-2,modmed-qa-global-b,1.34,i-0b2f051ceff420d16,ami-0a3eb8474928de6b8,2026-01-29,13 days,Amazon Linux 2023,c5a.xlarge,running,1 days 22 hours,ami-06166778931250224,2026-02-10,False,N/A,1
244564253140,mmi-qa-m2k8s,us-east-2,modmed-qa-global-b,1.34,i-034e456cdfd39903c,ami-0a3eb8474928de6b8,2026-01-29,13 days,Amazon Linux 2023,c5a.xlarge,running,1 days 22 hours,ami-06166778931250224,2026-02-10,False,N/A,1
244564253140,mmi-qa-m2k8s,us-east-2,modmed-qa-global-b,1.34,i-0b92e510fddaadd50,ami-0a3eb8474928de6b8,2026-01-29,13 days,Amazon Linux 2023,c5a.xlarge,running,1 days 22 hours,ami-06166778931250224,2026-02-10,False,N/A,1
244564253140,mmi-qa-m2k8s,us-east-2,modmed-qa-global-b,1.34,i-07e265b383163527c,ami-0a3eb8474928de6b8,2026-01-29,13 days,Amazon Linux 2023,c5a.xlarge,running,1 days 19 hours,ami-06166778931250224,2026-02-10,False,N/A,1
244564253140,mmi-qa-m2k8s,us-east-2,modmed-qa-global-b,1.34,i-07be687d3fbdf0944,ami-0a3eb8474928de6b8,2026-01-29,13 days,Amazon Linux 2023,c5a.xlarge,running,1 days 12 hours,ami-06166778931250224,2026-02-10,False,N/A,1
244564253140,mmi-qa-m2k8s,us-east-2,modmed-qa-global-b,1.34,i-09f8c87d219636547,ami-0a3eb8474928de6b8,2026-01-29,13 days,Amazon Linux 2023,c5a.xlarge,running,1 days 12 hours,ami-06166778931250224,2026-02-10,False,N/A,1
244564253140,mmi-qa-m2k8s,us-east-2,modmed-qa-global-b,1.34,i-0a556cc4759991307,ami-0a3eb8474928de6b8,2026-01-29,13 days,Amazon Linux 2023,r4.2xlarge,running,0 days 22 hours,ami-06166778931250224,2026-02-10,False,N/A,1
244564253140,mmi-qa-m2k8s,us-east-2,modmed-qa-global-b,1.34,i-02a24f7343ceacb08,ami-0a3eb8474928de6b8,2026-01-29,13 days,Amazon Linux 2023,c6i.large,running,0 days 13 hours,ami-06166778931250224,2026-02-10,False,N/A,1
244564253140,mmi-qa-m2k8s,us-east-2,modmed-qa-global-b,1.34,i-0b9c49354e8456b44,ami-0a3eb8474928de6b8,2026-01-29,13 days,Amazon Linux 2023,m5.4xlarge,running,0 days 4 hours,ami-06166778931250224,2026-02-10,False,N/A,1
244564253140,mmi-qa-m2k8s,us-east-2,modmed-qa-global-b,1.34,i-0fb973782a3e516b5,ami-0a3eb8474928de6b8,2026-01-29,13 days,Amazon Linux 2023,c5a.2xlarge,running,0 days 4 hours,ami-06166778931250224,2026-02-10,False,N/A,1
244564253140,mmi-qa-m2k8s,us-east-2,modmed-qa-global-b,1.34,i-03b0e99ea32dad800,ami-0a3eb8474928de6b8,2026-01-29,13 days,Amazon Linux 2023,c6i.xlarge,running,0 days 5 hours,ami-06166778931250224,2026-02-10,False,N/A,1
244564253140,mmi-qa-m2k8s,us-east-2,modmed-qa-global-b,1.34,i-0f145bfed1e38d207,ami-0a3eb8474928de6b8,2026-01-29,13 days,Amazon Linux 2023,c5a.2xlarge,running,1 days 23 hours,ami-06166778931250224,2026-02-10,False,N/A,1
244564253140,mmi-qa-m2k8s,us-east-2,modmed-qa-global-b,1.34,i-09e51234d0c7f25ae,ami-0a3eb8474928de6b8,2026-01-29,13 days,Amazon Linux 2023,c5a.xlarge,running,1 days 22 hours,ami-06166778931250224,2026-02-10,False,N/A,1
244564253140,mmi-qa-m2k8s,us-east-2,modmed-qa-global-b,1.34,i-003d3eb33c23f4f0e,ami-0a3eb8474928de6b8,2026-01-29,13 days,Amazon Linux 2023,c5a.2xlarge,running,1 days 21 hours,ami-06166778931250224,2026-02-10,False,N/A,1
244564253140,mmi-qa-m2k8s,us-east-2,modmed-qa-global-b,1.34,i-043e1c07314c04f01,ami-0a3eb8474928de6b8,2026-01-29,13 days,Amazon Linux 2023,c5a.xlarge,running,1 days 11 hours,ami-06166778931250224,2026-02-10,False,N/A,1
244564253140,mmi-qa-m2k8s,us-east-2,modmed-qa-global-b,1.34,i-086fcc6d5701bc5fd,ami-0a3eb8474928de6b8,2026-01-29,13 days,Amazon Linux 2023,c5.xlarge,running,1 days 3 hours,ami-06166778931250224,2026-02-10,False,N/A,1
244564253140,mmi-qa-m2k8s,us-east-2,modmed-qa-global-b,1.34,i-05a563c3eba67bce6,ami-0a3eb8474928de6b8,2026-01-29,13 days,Amazon Linux 2023,m5a.xlarge,running,0 days 0 hours,ami-06166778931250224,2026-02-10,False,N/A,1
244564253140,mmi-qa-m2k8s,us-east-2,modmed-qa-global-b,1.34,i-01d9be889d3a29e05,ami-0a3eb8474928de6b8,2026-01-29,13 days,Amazon Linux 2023,c5a.2xlarge,running,1 days 23 hours,ami-06166778931250224,2026-02-10,False,N/A,1
244564253140,mmi-qa-m2k8s,us-east-2,modmed-qa-global-b,1.34,i-0d82d1dcc0305d1f2,ami-0a3eb8474928de6b8,2026-01-29,13 days,Amazon Linux 2023,c5a.xlarge,running,1 days 22 hours,ami-06166778931250224,2026-02-10,False,N/A,1
244564253140,mmi-qa-m2k8s,us-east-2,modmed-qa-global-b,1.34,i-048388ef55711e7c6,ami-0a3eb8474928de6b8,2026-01-29,13 days,Amazon Linux 2023,c5a.2xlarge,running,1 days 23 hours,ami-06166778931250224,2026-02-10,False,N/A,1
244564253140,mmi-qa-m2k8s,us-east-2,modmed-qa-global-b,1.34,i-0dc2f7127c59e4937,ami-0a3eb8474928de6b8,2026-01-29,13 days,Amazon Linux 2023,c5a.xlarge,running,1 days 22 hours,ami-06166778931250224,2026-02-10,False,N/A,1
244564253140,mmi-qa-m2k8s,us-east-2,modmed-qa-global-b,1.34,i-09d3212e00e9a0ed0,ami-0a3eb8474928de6b8,2026-01-29,13 days,Amazon Linux 2023,c5a.xlarge,running,1 days 22 hours,ami-06166778931250224,2026-02-10,False,N/A,1
244564253140,mmi-qa-m2k8s,us-east-2,modmed-qa-global-b,1.34,i-0c34d2587a57ee583,ami-0a3eb8474928de6b8,2026-01-29,13 days,Amazon Linux 2023,r4.2xlarge,running,1 days 23 hours,ami-06166778931250224,2026-02-10,False,N/A,1
244564253140,mmi-qa-m2k8s,us-east-2,modmed-qa-global-b,1.34,i-06e28685e87225d78,ami-0a3eb8474928de6b8,2026-01-29,13 days,Amazon Linux 2023,c5a.xlarge,running,1 days 22 hours,ami-06166778931250224,2026-02-10,False,N/A,1
244564253140,mmi-qa-m2k8s,us-east-2,modmed-qa-global-b,1.34,i-04da25f2119bc21b2,ami-0a3eb8474928de6b8,2026-01-29,13 days,Amazon Linux 2023,r4.large,running,1 days 21 hours,ami-06166778931250224,2026-02-10,False,N/A,1
244564253140,mmi-qa-m2k8s,us-east-2,modmed-qa-global-b,1.34,i-0d3b24a1ca8b10624,ami-0a3eb8474928de6b8,2026-01-29,13 days,Amazon Linux 2023,r4.2xlarge,running,1 days 16 hours,ami-06166778931250224,2026-02-10,False,N/A,1
244564253140,mmi-qa-m2k8s,us-east-2,modmed-qa-global-b,1.34,i-00834af2b30f81e3d,ami-0a3eb8474928de6b8,2026-01-29,13 days,Amazon Linux 2023,r4.4xlarge,running,1 days 16 hours,ami-06166778931250224,2026-02-10,False,N/A,1
244564253140,mmi-qa-m2k8s,us-east-2,modmed-qa-global-b,1.34,i-0079cf740b8298bcb,ami-0a3eb8474928de6b8,2026-01-29,13 days,Amazon Linux 2023,c5a.xlarge,running,1 days 13 hours,ami-06166778931250224,2026-02-10,False,N/A,1
244564253140,mmi-qa-m2k8s,us-east-2,modmed-qa-global-b,1.34,i-066db12ce057434dd,ami-0a3eb8474928de6b8,2026-01-29,13 days,Amazon Linux 2023,c5a.xlarge,running,0 days 15 hours,ami-06166778931250224,2026-02-10,False,N/A,1
244564253140,mmi-qa-m2k8s,us-east-2,modmed-qa-global-b,1.34,i-0669a986329e5302c,ami-0a3eb8474928de6b8,2026-01-29,13 days,Amazon Linux 2023,m6a.4xlarge,running,0 days 4 hours,ami-06166778931250224,2026-02-10,False,N/A,1
244564253140,mmi-qa-m2k8s,us-east-2,modmed-qa-global-b,1.34,i-0905b8ead980acbb8,ami-0a3eb8474928de6b8,2026-01-29,13 days,Amazon Linux 2023,m5.8xlarge,running,0 days 0 hours,ami-06166778931250224,2026-02-10,False,N/A,1
244564253140,mmi-qa-m2k8s,us-east-2,modmed-qa-global-b,1.34,i-0416fa52fc8907b08,ami-0a3eb8474928de6b8,2026-01-29,13 days,Amazon Linux 2023,c5a.2xlarge,running,1 days 23 hours,ami-06166778931250224,2026-02-10,False,N/A,1
244564253140,mmi-qa-m2k8s,us-east-2,modmed-qa-global-b,1.34,i-0e345be95625a88e9,ami-0a3eb8474928de6b8,2026-01-29,13 days,Amazon Linux 2023,c5a.2xlarge,running,1 days 19 hours,ami-06166778931250224,2026-02-10,False,N/A,1
244564253140,mmi-qa-m2k8s,us-east-2,modmed-qa-global-b,1.34,i-0cda955ad1697169b,ami-0a3eb8474928de6b8,2026-01-29,13 days,Amazon Linux 2023,c5a.2xlarge,running,1 days 23 hours,ami-06166778931250224,2026-02-10,False,N/A,1
244564253140,mmi-qa-m2k8s,us-east-2,modmed-qa-global-b,1.34,i-0252e3fe59df139f6,ami-0a3eb8474928de6b8,2026-01-29,13 days,Amazon Linux 2023,c5a.2xlarge,running,1 days 22 hours,ami-06166778931250224,2026-02-10,False,N/A,1
244564253140,mmi-qa-m2k8s,us-east-2,modmed-qa-global-b,1.34,i-04bbfdf5bf83752db,ami-0a3eb8474928de6b8,2026-01-29,13 days,Amazon Linux 2023,c5a.xlarge,running,1 days 22 hours,ami-06166778931250224,2026-02-10,False,N/A,1
244564253140,mmi-qa-m2k8s,us-east-2,modmed-qa-global-b,1.34,i-0824df9b9e9438ed1,ami-0a3eb8474928de6b8,2026-01-29,13 days,Amazon Linux 2023,c5a.xlarge,running,1 days 22 hours,ami-06166778931250224,2026-02-10,False,N/A,1
244564253140,mmi-qa-m2k8s,us-east-2,modmed-qa-global-b,1.34,i-0fbf57d3860035743,ami-0a3eb8474928de6b8,2026-01-29,13 days,Amazon Linux 2023,c5a.2xlarge,running,1 days 16 hours,ami-06166778931250224,2026-02-10,False,N/A,1
244564253140,mmi-qa-m2k8s,us-east-2,modmed-qa-global-b,1.34,i-0b85ddad4f515619d,ami-0a3eb8474928de6b8,2026-01-29,13 days,Amazon Linux 2023,c5a.2xlarge,running,0 days 23 hours,ami-06166778931250224,2026-02-10,False,N/A,1
244564253140,mmi-qa-m2k8s,us-east-2,modmed-qa-global-b,1.34,i-0ec588ec6379bf4fa,ami-0a3eb8474928de6b8,2026-01-29,13 days,Amazon Linux 2023,c5a.2xlarge,running,0 days 17 hours,ami-06166778931250224,2026-02-10,False,N/A,1
244564253140,mmi-qa-m2k8s,us-east-2,modmed-qa-global-b,1.34,i-035d310c1617d91b5,ami-0a3eb8474928de6b8,2026-01-29,13 days,Amazon Linux 2023,m5.8xlarge,running,0 days 16 hours,ami-06166778931250224,2026-02-10,False,N/A,1
244564253140,mmi-qa-m2k8s,us-east-2,modmed-qa-global-b,1.34,i-09a10c2d6a5eb98e0,ami-0a3eb8474928de6b8,2026-01-29,13 days,Amazon Linux 2023,m6a.large,running,0 days 14 hours,ami-06166778931250224,2026-02-10,False,N/A,1
244564253140,mmi-qa-m2k8s,us-east-2,modmed-qa-global-b,1.34,i-0f75ceba9b0d6ef98,ami-0a3eb8474928de6b8,2026-01-29,13 days,Amazon Linux 2023,m6a.4xlarge,running,0 days 12 hours,ami-06166778931250224,2026-02-10,False,N/A,1
244564253140,mmi-qa-m2k8s,us-east-2,modmed-qa-global-b,1.34,i-08c3f9c5121c52654,ami-0a3eb8474928de6b8,2026-01-29,13 days,Amazon Linux 2023,c5a.2xlarge,running,1 days 23 hours,ami-06166778931250224,2026-02-10,False,N/A,1
244564253140,mmi-qa-m2k8s,us-east-2,modmed-qa-global-b,1.34,i-029624fdeb8b891a7,ami-0a3eb8474928de6b8,2026-01-29,13 days,Amazon Linux 2023,c5a.xlarge,running,1 days 22 hours,ami-06166778931250224,2026-02-10,False,N/A,1
244564253140,mmi-qa-m2k8s,us-east-2,modmed-qa-global-b,1.34,i-0de1b10f869fa0732,ami-0a3eb8474928de6b8,2026-01-29,13 days,Amazon Linux 2023,c5a.2xlarge,running,1 days 23 hours,ami-06166778931250224,2026-02-10,False,N/A,1
244564253140,mmi-qa-m2k8s,us-east-2,modmed-qa-global-b,1.34,i-08b53693ba15de814,ami-0a3eb8474928de6b8,2026-01-29,13 days,Amazon Linux 2023,c5a.xlarge,running,1 days 22 hours,ami-06166778931250224,2026-02-10,False,N/A,1
244564253140,mmi-qa-m2k8s,us-east-2,modmed-qa-global-b,1.34,i-032ba4e9b31ebfb3a,ami-0a3eb8474928de6b8,2026-01-29,13 days,Amazon Linux 2023,m6a.2xlarge,running,0 days 19 hours,ami-06166778931250224,2026-02-10,False,N/A,1
244564253140,mmi-qa-m2k8s,us-east-2,modmed-qa-global-b,1.34,i-08ae4ff9e8b140350,ami-0a3eb8474928de6b8,2026-01-29,13 days,Amazon Linux 2023,c5a.2xlarge,running,0 days 19 hours,ami-06166778931250224,2026-02-10,False,N/A,1
244564253140,mmi-qa-m2k8s,us-east-2,modmed-qa-global-b,1.34,i-046c84c550fe17ba6,ami-0a3eb8474928de6b8,2026-01-29,13 days,Amazon Linux 2023,c5a.2xlarge,running,0 days 17 hours,ami-06166778931250224,2026-02-10,False,N/A,1
244564253140,mmi-qa-m2k8s,us-east-2,modmed-qa-global-b,1.34,i-0fd15818dcc72c125,ami-0a3eb8474928de6b8,2026-01-29,13 days,Amazon Linux 2023,m5a.2xlarge,running,0 days 17 hours,ami-06166778931250224,2026-02-10,False,N/A,1
125190407919,125190407919,us-east-2,modmed-dev-global,1.34,i-0f8a32467b363ec7d,ami-0341c526b47eb5b86,2025-11-20,83 days,Amazon Linux 2023,m7i-flex.2xlarge,running,70 days 18 hours,ami-06166778931250224,2026-02-10,True,N/A,1
125190407919,125190407919,us-east-2,modmed-dev-global,1.34,i-0b6e667d815ea5bce,ami-0341c526b47eb5b86,2025-11-20,83 days,Amazon Linux 2023,m7i-flex.2xlarge,running,70 days 18 hours,ami-06166778931250224,2026-02-10,True,N/A,1
125190407919,125190407919,us-east-2,modmed-dev-global,1.34,i-06e6202c55cbcf7af,ami-0341c526b47eb5b86,2025-11-20,83 days,Amazon Linux 2023,m7i-flex.2xlarge,running,70 days 18 hours,ami-06166778931250224,2026-02-10,True,N/A,1
125190407919,125190407919,us-east-2,modmed-dev-global,1.34,i-03ed4a94aa5741f27,ami-0341c526b47eb5b86,2025-11-20,83 days,Amazon Linux 2023,m7i-flex.2xlarge,running,70 days 18 hours,ami-06166778931250224,2026-02-10,True,N/A,1
125190407919,125190407919,us-east-2,modmed-dev-global,1.34,i-00ab3b3bb397365d4,ami-0341c526b47eb5b86,2025-11-20,83 days,Amazon Linux 2023,m7i-flex.2xlarge,running,70 days 18 hours,ami-06166778931250224,2026-02-10,True,N/A,1
125190407919,125190407919,us-east-2,modmed-dev-global,1.34,i-00ae88554d19d6214,ami-0341c526b47eb5b86,2025-11-20,83 days,Amazon Linux 2023,m7i-flex.2xlarge,running,70 days 18 hours,ami-06166778931250224,2026-02-10,True,N/A,1
