AccountID,AccountName,Region,ClusterName,ClusterVersion,InstanceID,Current_AMI_ID,Current_AMI_Publication_Date,AMI_Age(in days),OS_Version,InstanceType,NodeState,NodeUptime,Latest_AMI_ID,New_AMI_Publication_Date,PatchPendingStatus,NodeReadinessStatus,Cluster_Compliance
175504091457,175504091457,us-east-2,mmpay-qa-global,1.34,i-0084fd40da4b348ea,ami-0341c526b47eb5b86,2025-11-20,84,Amazon Linux 2023,m7i-flex.2xlarge,running,64 days 11 hours,ami-06166778931250224,2026-02-10,1,N/A,1
175504091457,175504091457,us-east-2,mmpay-qa-global,1.34,i-0afbf4e08b1a6dca9,ami-0341c526b47eb5b86,2025-11-20,84,Amazon Linux 2023,m7i-flex.2xlarge,running,64 days 11 hours,ami-06166778931250224,2026-02-10,1,N/A,1
175504091457,175504091457,us-east-2,mmpay-qa-global,1.34,i-0de756b780909c61e,ami-0341c526b47eb5b86,2025-11-20,84,Amazon Linux 2023,m7i-flex.2xlarge,running,64 days 10 hours,ami-06166778931250224,2026-02-10,1,N/A,1
175504091457,175504091457,us-east-2,mmpay-qa-global,1.34,i-012a2b632b1821620,ami-0341c526b47eb5b86,2025-11-20,84,Amazon Linux 2023,m7i-flex.2xlarge,running,64 days 10 hours,ami-06166778931250224,2026-02-10,1,N/A,1
175504091457,175504091457,us-east-2,mmpay-qa-global,1.34,i-0f68db7f537b3b2a3,ami-0341c526b47eb5b86,2025-11-20,84,Amazon Linux 2023,m7i-flex.2xlarge,running,64 days 11 hours,ami-06166778931250224,2026-02-10,1,N/A,1
175504091457,175504091457,us-east-2,mmpay-qa-global,1.34,i-06678830602452cc0,ami-0341c526b47eb5b86,2025-11-20,84,Amazon Linux 2023,m7i-flex.2xlarge,running,64 days 11 hours,ami-06166778931250224,2026-02-10,1,N/A,1
175504091457,175504091457,us-east-2,mmpay-qa-global,1.34,i-06e3f22a62ff6bb83,ami-0341c526b47eb5b86,2025-11-20,84,Amazon Linux 2023,m7i-flex.2xlarge,running,64 days 10 hours,ami-06166778931250224,2026-02-10,1,N/A,1
175504091457,175504091457,us-east-2,mmpay-qa-global,1.34,i-06b97820a69e3cf7a,ami-0341c526b47eb5b86,2025-11-20,84,Amazon Linux 2023,m7i-flex.2xlarge,running,64 days 10 hours,ami-06166778931250224,2026-02-10,1,N/A,1
175504091457,175504091457,us-east-2,modmed-mmpay-uat-global-eks,1.34,i-04b9606709f25e6a7,ami-0341c526b47eb5b86,2025-11-20,84,Amazon Linux 2023,m5.2xlarge,running,64 days 12 hours,ami-06166778931250224,2026-02-10,1,N/A,1
175504091457,175504091457,us-east-2,modmed-mmpay-uat-global-eks,1.34,i-0189903f6e02d39b7,ami-0341c526b47eb5b86,2025-11-20,84,Amazon Linux 2023,m5.2xlarge,running,64 days 11 hours,ami-06166778931250224,2026-02-10,1,N/A,1
175504091457,175504091457,us-east-2,modmed-mmpay-uat-global-eks,1.34,i-0b948f414880a2ec0,ami-0341c526b47eb5b86,2025-11-20,84,Amazon Linux 2023,m5.2xlarge,running,64 days 11 hours,ami-06166778931250224,2026-02-10,1,N/A,1
175504091457,175504091457,us-east-2,modmed-mmpay-uat-global-eks,1.34,i-0c3e8ae25e217e55d,ami-0341c526b47eb5b86,2025-11-20,84,Amazon Linux 2023,m5.2xlarge,running,64 days 11 hours,ami-06166778931250224,2026-02-10,1,N/A,1
175504091457,175504091457,us-east-2,modmed-mmpay-uat-global-eks,1.34,i-08899f1e75d5479d5,ami-0341c526b47eb5b86,2025-11-20,84,Amazon Linux 2023,m5.2xlarge,running,64 days 12 hours,ami-06166778931250224,2026-02-10,1,N/A,1
175504091457,175504091457,us-east-2,modmed-mmpay-uat-global-eks,1.34,i-088a4fecfb629a369,ami-0341c526b47eb5b86,2025-11-20,84,Amazon Linux 2023,m5.2xlarge,running,64 days 9 hours,ami-06166778931250224,2026-02-10,1,N/A,1
175504091457,175504091457,us-east-2,modmed-mmpay-uat-global-eks,1.34,i-0a696c7be7216e0d7,ami-0341c526b47eb5b86,2025-11-20,84,Amazon Linux 2023,m5.2xlarge,running,64 days 11 hours,ami-06166778931250224,2026-02-10,1,N/A,1
175504091457,175504091457,us-east-2,modmed-mmpay-uat-global-eks,1.34,i-02af3a35385e24e77,ami-0341c526b47eb5b86,2025-11-20,84,Amazon Linux 2023,m5.2xlarge,running,64 days 11 hours,ami-06166778931250224,2026-02-10,1,N/A,1
175504091457,175504091457,us-east-2,modmed-mmpay-uat-global-eks,1.34,i-0e511b3e283014f8e,ami-0341c526b47eb5b86,2025-11-20,84,Amazon Linux 2023,m5.2xlarge,running,58 days 6 hours,ami-06166778931250224,2026-02-10,1,N/A,1
175504091457,175504091457,us-east-2,modmed-mmpay-uat-global-eks,1.34,i-07dbd7a5b873db9b0,ami-0341c526b47eb5b86,2025-11-20,84,Amazon Linux 2023,m5.2xlarge,running,64 days 11 hours,ami-06166778931250224,2026-02-10,1,N/A,1
175504091457,175504091457,us-east-2,modmed-mmpay-uat-global-eks,1.34,i-0d1a96f7914d78621,ami-0341c526b47eb5b86,2025-11-20,84,Amazon Linux 2023,m5.2xlarge,running,64 days 11 hours,ami-06166778931250224,2026-02-10,1,N/A,1
175504091457,175504091457,us-east-2,modmed-mmpay-uat-global-eks,1.34,i-09461ff075ffdb4f7,ami-0341c526b47eb5b86,2025-11-20,84,Amazon Linux 2023,m5.2xlarge,running,64 days 11 hours,ami-06166778931250224,2026-02-10,1,N/A,1
212055980189,212055980189,us-east-2,modmed-ops-global,1.34,N/A,N/A,N/A,0,N/A,N/A,N/A,N/A,N/A,N/A,0,N/A,1
212055980189,212055980189,us-east-2,modmed-ops-global-b,1.34,i-0e0a694c133a627c4,ami-0341c526b47eb5b86,2025-11-20,84,Amazon Linux 2023,m7i-flex.4xlarge,running,71 days 19 hours,ami-06166778931250224,2026-02-10,1,N/A,1
212055980189,212055980189,us-east-2,modmed-ops-global-b,1.34,i-00c9cc7f0c20ced97,ami-0341c526b47eb5b86,2025-11-20,84,Amazon Linux 2023,m7i-flex.4xlarge,running,71 days 19 hours,ami-06166778931250224,2026-02-10,1,N/A,1
212055980189,212055980189,us-east-2,modmed-ops-global-b,1.34,i-0d36655e3d7ac1158,ami-0341c526b47eb5b86,2025-11-20,84,Amazon Linux 2023,m7i-flex.4xlarge,running,71 days 19 hours,ami-06166778931250224,2026-02-10,1,N/A,1
212055980189,212055980189,us-east-2,modmed-ops-global-b,1.34,i-08346a876cb415c08,ami-0341c526b47eb5b86,2025-11-20,84,Amazon Linux 2023,m7i-flex.4xlarge,running,71 days 19 hours,ami-06166778931250224,2026-02-10,1,N/A,1
212055980189,212055980189,us-east-2,modmed-ops-global-b,1.34,i-0e59bb8ddeab07b8f,ami-0341c526b47eb5b86,2025-11-20,84,Amazon Linux 2023,m7i-flex.4xlarge,running,71 days 19 hours,ami-06166778931250224,2026-02-10,1,N/A,1
212055980189,212055980189,us-east-2,modmed-ops-global-b,1.34,i-011d5493fe3346f52,ami-0341c526b47eb5b86,2025-11-20,84,Amazon Linux 2023,m7i-flex.4xlarge,running,71 days 19 hours,ami-06166778931250224,2026-02-10,1,N/A,1
212055980189,212055980189,us-east-2,modmed-ops-global-b,1.34,i-0015f3d5707a62816,ami-0341c526b47eb5b86,2025-11-20,84,Amazon Linux 2023,m7i-flex.4xlarge,running,71 days 19 hours,ami-06166778931250224,2026-02-10,1,N/A,1
212055980189,212055980189,us-east-2,modmed-ops-global-b,1.34,i-04b65f87e3c4b759b,ami-0b09270f6fa8219ef,2025-12-17,57,Amazon Linux 2023,m7i-flex.4xlarge,running,51 days 15 hours,ami-06166778931250224,2026-02-10,0,N/A,1
983058792752,983058792752,us-east-2,modmed-perf-global,1.34,N/A,N/A,N/A,0,N/A,N/A,N/A,N/A,N/A,N/A,0,N/A,1
983058792752,983058792752,us-east-2,modmed-perf-global-b,1.34,i-03217b53c4499c3a8,ami-0341c526b47eb5b86,2025-11-20,84,Amazon Linux 2023,m7i-flex.4xlarge,running,72 days 13 hours,ami-06166778931250224,2026-02-10,1,N/A,1
983058792752,983058792752,us-east-2,modmed-perf-global-b,1.34,i-0d2456d390091b9b9,ami-0341c526b47eb5b86,2025-11-20,84,Amazon Linux 2023,m7i-flex.4xlarge,running,72 days 13 hours,ami-06166778931250224,2026-02-10,1,N/A,1
983058792752,983058792752,us-east-2,modmed-perf-global-b,1.34,i-06d48e899087c554d,ami-0341c526b47eb5b86,2025-11-20,84,Amazon Linux 2023,m7i-flex.4xlarge,running,72 days 13 hours,ami-06166778931250224,2026-02-10,1,N/A,1
874823723256,m2iam,us-east-1,modmed-dbstage-global-eks,1.34,i-0dbff87e99832bf8d,ami-02382489c95ee1382,2025-11-20,84,Amazon Linux 2023,m7i-flex.2xlarge,running,63 days 16 hours,ami-09587d1f61083936d,2026-02-10,1,N/A,1
874823723256,m2iam,us-east-1,modmed-dbstage-global-eks,1.34,i-0f6bf5969ddeee6e2,ami-02382489c95ee1382,2025-11-20,84,Amazon Linux 2023,m7i-flex.2xlarge,running,63 days 16 hours,ami-09587d1f61083936d,2026-02-10,1,N/A,1
874823723256,m2iam,us-east-1,modmed-dbstage-global-eks,1.34,i-0cd04cb7f8157bfec,ami-02382489c95ee1382,2025-11-20,84,Amazon Linux 2023,m5.4xlarge,running,63 days 15 hours,ami-09587d1f61083936d,2026-02-10,1,N/A,1
874823723256,m2iam,us-east-1,modmed-dbstage-global-eks,1.34,i-0f0abbb5e833b1b7c,ami-02382489c95ee1382,2025-11-20,84,Amazon Linux 2023,m5a.4xlarge,running,63 days 10 hours,ami-09587d1f61083936d,2026-02-10,1,N/A,1
874823723256,m2iam,us-east-1,modmed-dbstage-global-eks,1.34,i-0da4be54d24f5f7a2,ami-02382489c95ee1382,2025-11-20,84,Amazon Linux 2023,m5.2xlarge,running,63 days 10 hours,ami-09587d1f61083936d,2026-02-10,1,N/A,1
874823723256,m2iam,us-east-1,modmed-dbstage-global-eks,1.34,i-0c49974079809a7ef,ami-02382489c95ee1382,2025-11-20,84,Amazon Linux 2023,m7i-flex.2xlarge,running,63 days 18 hours,ami-09587d1f61083936d,2026-02-10,1,N/A,1
874823723256,m2iam,us-east-1,modmed-dbstage-global-eks,1.34,i-04eb3efad464ba4cd,ami-02382489c95ee1382,2025-11-20,84,Amazon Linux 2023,m7i-flex.2xlarge,running,63 days 18 hours,ami-09587d1f61083936d,2026-02-10,1,N/A,1
874823723256,m2iam,us-east-1,modmed-dbstage-global-eks,1.34,i-0dcc12492509eeeae,ami-02382489c95ee1382,2025-11-20,84,Amazon Linux 2023,m7i-flex.2xlarge,running,63 days 18 hours,ami-09587d1f61083936d,2026-02-10,1,N/A,1
874823723256,m2iam,us-east-1,modmed-dbstage-global-eks,1.34,i-02cf33b28ed7d1ecd,ami-02382489c95ee1382,2025-11-20,84,Amazon Linux 2023,m7i-flex.2xlarge,running,63 days 18 hours,ami-09587d1f61083936d,2026-02-10,1,N/A,1
874823723256,m2iam,us-east-1,modmed-dbstage-global-eks,1.34,i-0db85ea1e645e5414,ami-02382489c95ee1382,2025-11-20,84,Amazon Linux 2023,m5.4xlarge,running,63 days 10 hours,ami-09587d1f61083936d,2026-02-10,1,N/A,1
874823723256,m2iam,us-east-1,modmed-dbstage-global-eks,1.34,i-07726ddecc165995a,ami-02382489c95ee1382,2025-11-20,84,Amazon Linux 2023,m7i-flex.2xlarge,running,63 days 18 hours,ami-09587d1f61083936d,2026-02-10,1,N/A,1
874823723256,m2iam,us-east-1,modmed-dbstage-global-eks,1.34,i-0a0b918aa6e736b77,ami-02382489c95ee1382,2025-11-20,84,Amazon Linux 2023,m7i-flex.2xlarge,running,63 days 16 hours,ami-09587d1f61083936d,2026-02-10,1,N/A,1
874823723256,m2iam,us-east-1,modmed-dbstage-global-eks,1.34,i-0cf8fa001d369867f,ami-02382489c95ee1382,2025-11-20,84,Amazon Linux 2023,m7i-flex.2xlarge,running,63 days 16 hours,ami-09587d1f61083936d,2026-02-10,1,N/A,1
874823723256,m2iam,us-east-1,modmed-dbstage-global-eks,1.34,i-03e8321cac5aa48cc,ami-02382489c95ee1382,2025-11-20,84,Amazon Linux 2023,m5.8xlarge,running,63 days 15 hours,ami-09587d1f61083936d,2026-02-10,1,N/A,1
874823723256,m2iam,us-east-1,modmed-dbstage-global-eks,1.34,i-0014f337110a47e7c,ami-02382489c95ee1382,2025-11-20,84,Amazon Linux 2023,m5a.4xlarge,running,58 days 14 hours,ami-09587d1f61083936d,2026-02-10,1,N/A,1
874823723256,m2iam,us-east-1,modmed-dbstage-global-eks,1.34,i-0bed36be34bb0d8db,ami-02382489c95ee1382,2025-11-20,84,Amazon Linux 2023,r6i.large,running,9 days 19 hours,ami-09587d1f61083936d,2026-02-10,1,N/A,1
874823723256,m2iam,us-east-1,modmed-dbstage-global-eks,1.34,i-09a74140af910e65e,ami-02382489c95ee1382,2025-11-20,84,Amazon Linux 2023,m7i-flex.2xlarge,running,63 days 18 hours,ami-09587d1f61083936d,2026-02-10,1,N/A,1
874823723256,m2iam,us-east-1,modmed-dbstage-global-eks,1.34,i-0f39f32f588d1a7c8,ami-02382489c95ee1382,2025-11-20,84,Amazon Linux 2023,m7i-flex.2xlarge,running,63 days 18 hours,ami-09587d1f61083936d,2026-02-10,1,N/A,1
874823723256,m2iam,us-east-1,modmed-dbstage-global-eks,1.34,i-0143ae4a2cece3e2d,ami-02382489c95ee1382,2025-11-20,84,Amazon Linux 2023,m5.8xlarge,running,63 days 15 hours,ami-09587d1f61083936d,2026-02-10,1,N/A,1
874823723256,m2iam,us-east-1,modmed-dbstage-global-eks,1.34,i-015573ceb6a0df6b8,ami-02382489c95ee1382,2025-11-20,84,Amazon Linux 2023,m6a.xlarge,running,0 days 0 hours,ami-09587d1f61083936d,2026-02-10,1,N/A,1
874823723256,m2iam,us-east-1,modmed-dbstage-global-eks,1.34,i-07ae55239f2647cfa,ami-02382489c95ee1382,2025-11-20,84,Amazon Linux 2023,r6i.large,running,0 days 8 hours,ami-09587d1f61083936d,2026-02-10,1,N/A,1
874823723256,m2iam,us-east-1,modmed-dbstage-global-eks,1.34,i-084f57d613d151640,ami-02382489c95ee1382,2025-11-20,84,Amazon Linux 2023,m5.2xlarge,running,58 days 14 hours,ami-09587d1f61083936d,2026-02-10,1,N/A,1
874823723256,m2iam,us-east-1,modmed-dbstage-global-eks,1.34,i-0f18125ff25c0f670,ami-02382489c95ee1382,2025-11-20,84,Amazon Linux 2023,r6i.large,running,0 days 1 hours,ami-09587d1f61083936d,2026-02-10,1,N/A,1
874823723256,m2iam,us-east-1,modmed-dbstage-global-eks,1.34,i-036b7c3e4ab40fe7c,ami-02382489c95ee1382,2025-11-20,84,Amazon Linux 2023,r4.large,running,1 days 19 hours,ami-09587d1f61083936d,2026-02-10,1,N/A,1
874823723256,m2iam,us-east-1,modmed-dbstage-global-eks,1.34,i-0a9fe08cade96e703,ami-02382489c95ee1382,2025-11-20,84,Amazon Linux 2023,m5a.4xlarge,running,0 days 14 hours,ami-09587d1f61083936d,2026-02-10,1,N/A,1
874823723256,m2iam,us-east-1,modmed-dbstage-global-eks,1.34,i-0b903c97c060aed74,ami-02382489c95ee1382,2025-11-20,84,Amazon Linux 2023,m5a.xlarge,running,0 days 9 hours,ami-09587d1f61083936d,2026-02-10,1,N/A,1
556664958801,556664958801,us-east-2,modmed-mmpay-stg-global-eks,1.34,i-0fe1b3a0d0092cfe1,ami-0341c526b47eb5b86,2025-11-20,84,Amazon Linux 2023,m5.2xlarge,running,65 days 13 hours,ami-06166778931250224,2026-02-10,1,N/A,1
556664958801,556664958801,us-east-2,modmed-mmpay-stg-global-eks,1.34,i-08840d6cfa90d3345,ami-0341c526b47eb5b86,2025-11-20,84,Amazon Linux 2023,m5.2xlarge,running,65 days 13 hours,ami-06166778931250224,2026-02-10,1,N/A,1
556664958801,556664958801,us-east-2,modmed-mmpay-stg-global-eks,1.34,i-006121f9207d5c5db,ami-0341c526b47eb5b86,2025-11-20,84,Amazon Linux 2023,m5.2xlarge,running,3 days 6 hours,ami-06166778931250224,2026-02-10,1,N/A,1
556664958801,556664958801,us-east-2,modmed-mmpay-stg-global-eks,1.34,i-00a29c4237029737d,ami-0341c526b47eb5b86,2025-11-20,84,Amazon Linux 2023,m5.2xlarge,running,3 days 6 hours,ami-06166778931250224,2026-02-10,1,N/A,1
556664958801,556664958801,us-east-2,modmed-mmpay-stg-global-eks,1.34,i-003a30e14b245642d,ami-0341c526b47eb5b86,2025-11-20,84,Amazon Linux 2023,m5.2xlarge,running,5 days 17 hours,ami-06166778931250224,2026-02-10,1,N/A,1
556664958801,556664958801,us-east-2,modmed-mmpay-stg-global-eks,1.34,i-0a2144f6135db1b88,ami-0341c526b47eb5b86,2025-11-20,84,Amazon Linux 2023,m5.2xlarge,running,5 days 17 hours,ami-06166778931250224,2026-02-10,1,N/A,1
556664958801,556664958801,us-east-2,modmed-mmpay-stg-global-eks,1.34,i-097d3b7087c8ca570,ami-0341c526b47eb5b86,2025-11-20,84,Amazon Linux 2023,m5.2xlarge,running,16 days 4 hours,ami-06166778931250224,2026-02-10,1,N/A,1
170478468157,mmpay-prod,us-east-1,modmed-mmpay-prod-global-eks,1.34,i-0c9427a072ead87fa,ami-0099aec4d692cdf66,2025-10-08,128,Amazon Linux 2023,m5.2xlarge,running,114 days 6 hours,ami-09587d1f61083936d,2026-02-10,1,N/A,1
170478468157,mmpay-prod,us-east-1,modmed-mmpay-prod-global-eks,1.34,i-0292706e69fde7f47,ami-0099aec4d692cdf66,2025-10-08,128,Amazon Linux 2023,m5.2xlarge,running,114 days 6 hours,ami-09587d1f61083936d,2026-02-10,1,N/A,1
170478468157,mmpay-prod,us-east-1,modmed-mmpay-prod-global-eks,1.34,i-0b94b295ec1736418,ami-0099aec4d692cdf66,2025-10-08,128,Amazon Linux 2023,m5.2xlarge,running,114 days 6 hours,ami-09587d1f61083936d,2026-02-10,1,N/A,1
170478468157,mmpay-prod,us-east-1,modmed-mmpay-prod-global-eks,1.34,i-0f78aa1119ee240dc,ami-0099aec4d692cdf66,2025-10-08,128,Amazon Linux 2023,m5.2xlarge,running,114 days 6 hours,ami-09587d1f61083936d,2026-02-10,1,N/A,1
170478468157,mmpay-prod,us-east-1,modmed-mmpay-prod-global-eks,1.34,i-0d2056ddbe4fc3be4,ami-0099aec4d692cdf66,2025-10-08,128,Amazon Linux 2023,m5.2xlarge,running,114 days 6 hours,ami-09587d1f61083936d,2026-02-10,1,N/A,1
170478468157,mmpay-prod,us-east-1,modmed-mmpay-prod-global-eks,1.34,i-0808a70911b0d2dc8,ami-0099aec4d692cdf66,2025-10-08,128,Amazon Linux 2023,m5.2xlarge,running,114 days 6 hours,ami-09587d1f61083936d,2026-02-10,1,N/A,1
170478468157,mmpay-prod,us-east-1,modmed-mmpay-prod-global-eks,1.34,i-02186e4928ac78e52,ami-0099aec4d692cdf66,2025-10-08,128,Amazon Linux 2023,m5.2xlarge,running,114 days 6 hours,ami-09587d1f61083936d,2026-02-10,1,N/A,1
170478468157,mmpay-prod,us-east-1,modmed-mmpay-prod-global-eks,1.34,i-0f893346453792661,ami-0099aec4d692cdf66,2025-10-08,128,Amazon Linux 2023,m5.2xlarge,running,114 days 6 hours,ami-09587d1f61083936d,2026-02-10,1,N/A,1
562238536321,mm-prod-k8s,us-east-2,mmgi-prod-global,1.34,N/A,N/A,N/A,0,N/A,N/A,N/A,N/A,N/A,N/A,0,N/A,1
562238536321,mm-prod-k8s,us-east-2,mmgi-prod-global-b,1.30,i-079b16afa1e31c6b0,ami-09f76cc316309580b,2025-11-14,90,Amazon Linux 2023,m8i.8xlarge,running,85 days 6 hours,ami-0753591e9f12855a8,2026-02-10,1,N/A,0
562238536321,mm-prod-k8s,us-east-2,mmgi-prod-global-b,1.30,i-03550a8a5b9d4a734,ami-09f76cc316309580b,2025-11-14,90,Amazon Linux 2023,m8i.8xlarge,running,64 days 13 hours,ami-0753591e9f12855a8,2026-02-10,1,N/A,0
562238536321,mm-prod-k8s,us-east-2,mmgi-prod-global-b,1.30,i-01b5ceb2f59c1002e,ami-09f76cc316309580b,2025-11-14,90,Amazon Linux 2023,m8i.8xlarge,running,64 days 13 hours,ami-0753591e9f12855a8,2026-02-10,1,N/A,0
562238536321,mm-prod-k8s,us-east-2,mmgi-prod-global-b,1.30,i-074d6b9c7ec8dcaec,ami-09f76cc316309580b,2025-11-14,90,Amazon Linux 2023,m8i.8xlarge,running,85 days 6 hours,ami-0753591e9f12855a8,2026-02-10,1,N/A,0
562238536321,mm-prod-k8s,us-east-2,mmgi-prod-global-b,1.30,i-07b98470c78c9c0c1,ami-09f76cc316309580b,2025-11-14,90,Amazon Linux 2023,m8i.8xlarge,running,64 days 13 hours,ami-0753591e9f12855a8,2026-02-10,1,N/A,0
562238536321,mm-prod-k8s,us-east-2,mmgi-prod-global-b,1.30,i-036bdc6b6465245c3,ami-09f76cc316309580b,2025-11-14,90,Amazon Linux 2023,m8i.8xlarge,running,63 days 17 hours,ami-0753591e9f12855a8,2026-02-10,1,N/A,0
562238536321,mm-prod-k8s,us-east-2,mmgi-prod-global-b,1.30,i-0db2c118f51fae3c0,ami-09f76cc316309580b,2025-11-14,90,Amazon Linux 2023,m8i.8xlarge,running,64 days 13 hours,ami-0753591e9f12855a8,2026-02-10,1,N/A,0
562238536321,mm-prod-k8s,us-east-2,mmgi-prod-global-b,1.30,i-015518e3192b1270d,ami-09f76cc316309580b,2025-11-14,90,Amazon Linux 2023,m8i.8xlarge,running,63 days 17 hours,ami-0753591e9f12855a8,2026-02-10,1,N/A,0
562238536321,mm-prod-k8s,us-east-2,modmed-prod-global,1.34,N/A,N/A,N/A,0,N/A,N/A,N/A,N/A,N/A,N/A,0,N/A,1
562238536321,mm-prod-k8s,us-east-2,modmed-prod-global-b,1.34,i-010ae9e0776eb78bf,ami-0aec24acb5eccc89d,2025-11-04,100,Amazon Linux 2023,r7i.8xlarge,running,99 days 21 hours,ami-06166778931250224,2026-02-10,1,N/A,1
562238536321,mm-prod-k8s,us-east-2,modmed-prod-global-b,1.34,i-0cd381afcbe9fbfe7,ami-0aec24acb5eccc89d,2025-11-04,100,Amazon Linux 2023,r7i.8xlarge,running,99 days 21 hours,ami-06166778931250224,2026-02-10,1,N/A,1
562238536321,mm-prod-k8s,us-east-2,modmed-prod-global-b,1.34,i-0508ed4118213162f,ami-0aec24acb5eccc89d,2025-11-04,100,Amazon Linux 2023,r7i.8xlarge,running,99 days 21 hours,ami-06166778931250224,2026-02-10,1,N/A,1
562238536321,mm-prod-k8s,us-east-2,modmed-prod-global-b,1.34,i-0d967ff12cdf6a0e3,ami-0aec24acb5eccc89d,2025-11-04,100,Amazon Linux 2023,m7i.16xlarge,running,99 days 8 hours,ami-06166778931250224,2026-02-10,1,N/A,1
562238536321,mm-prod-k8s,us-east-2,modmed-prod-global-b,1.34,i-0a42051033516e3b6,ami-0aec24acb5eccc89d,2025-11-04,100,Amazon Linux 2023,m7i.16xlarge,running,99 days 8 hours,ami-06166778931250224,2026-02-10,1,N/A,1
562238536321,mm-prod-k8s,us-east-2,modmed-prod-global-b,1.34,i-06759edeb1337ec87,ami-0aec24acb5eccc89d,2025-11-04,100,Amazon Linux 2023,m7i.16xlarge,running,99 days 8 hours,ami-06166778931250224,2026-02-10,1,N/A,1
562238536321,mm-prod-k8s,us-east-2,modmed-prod-global-b,1.34,i-01a4f8bcbe7f20657,ami-0aec24acb5eccc89d,2025-11-04,100,Amazon Linux 2023,m7i.16xlarge,running,99 days 8 hours,ami-06166778931250224,2026-02-10,1,N/A,1
562238536321,mm-prod-k8s,us-east-2,modmed-prod-global-b,1.34,i-074b14ed89a984893,ami-0aec24acb5eccc89d,2025-11-04,100,Amazon Linux 2023,m7i.16xlarge,running,99 days 8 hours,ami-06166778931250224,2026-02-10,1,N/A,1
562238536321,mm-prod-k8s,us-east-2,modmed-prod-global-b,1.34,i-0ef09558ffc61e097,ami-0aec24acb5eccc89d,2025-11-04,100,Amazon Linux 2023,m7i.16xlarge,running,99 days 8 hours,ami-06166778931250224,2026-02-10,1,N/A,1
562238536321,mm-prod-k8s,us-east-2,modmed-prod-global-b,1.34,i-03473660a59f59a42,ami-0aec24acb5eccc89d,2025-11-04,100,Amazon Linux 2023,m7i.16xlarge,running,99 days 8 hours,ami-06166778931250224,2026-02-10,1,N/A,1
562238536321,mm-prod-k8s,us-east-2,modmed-prod-global-b,1.34,i-09afa11cf479b12a9,ami-0aec24acb5eccc89d,2025-11-04,100,Amazon Linux 2023,m7i.16xlarge,running,99 days 6 hours,ami-06166778931250224,2026-02-10,1,N/A,1
562238536321,mm-prod-k8s,us-east-2,modmed-prod-global-b,1.34,i-0fa5e957eda599439,ami-0aec24acb5eccc89d,2025-11-04,100,Amazon Linux 2023,r7i.8xlarge,running,99 days 21 hours,ami-06166778931250224,2026-02-10,1,N/A,1
562238536321,mm-prod-k8s,us-east-2,modmed-prod-global-b,1.34,i-0e57eb9a5699d2298,ami-0aec24acb5eccc89d,2025-11-04,100,Amazon Linux 2023,m7i.16xlarge,running,99 days 6 hours,ami-06166778931250224,2026-02-10,1,N/A,1
562238536321,mm-prod-k8s,us-east-2,modmed-prod-global-b,1.34,i-0a9908feadb7df39e,ami-0aec24acb5eccc89d,2025-11-04,100,Amazon Linux 2023,m7i.16xlarge,running,99 days 6 hours,ami-06166778931250224,2026-02-10,1,N/A,1
562238536321,mm-prod-k8s,us-east-2,modmed-prod-global-b,1.34,i-0e345230033cc45b0,ami-0aec24acb5eccc89d,2025-11-04,100,Amazon Linux 2023,r5.8xlarge,running,0 days 19 hours,ami-06166778931250224,2026-02-10,1,N/A,1
562238536321,mm-prod-k8s,us-east-2,modmed-prod-global-b,1.34,i-07a90ea1772ef00ce,ami-0aec24acb5eccc89d,2025-11-04,100,Amazon Linux 2023,r7a.4xlarge,running,0 days 8 hours,ami-06166778931250224,2026-02-10,1,N/A,1
562238536321,mm-prod-k8s,us-east-2,modmed-prod-global-b,1.34,i-0b69118d869a0e3e3,ami-0aec24acb5eccc89d,2025-11-04,100,Amazon Linux 2023,r7a.4xlarge,running,0 days 7 hours,ami-06166778931250224,2026-02-10,1,N/A,1
562238536321,mm-prod-k8s,us-east-2,modmed-prod-global-b,1.34,i-09bddc7f9c8c68bf3,ami-0aec24acb5eccc89d,2025-11-04,100,Amazon Linux 2023,r7a.4xlarge,running,0 days 8 hours,ami-06166778931250224,2026-02-10,1,N/A,1
562238536321,mm-prod-k8s,us-east-2,modmed-prod-global-b,1.34,i-0adba3d71abe278b7,ami-0aec24acb5eccc89d,2025-11-04,100,Amazon Linux 2023,r7a.4xlarge,running,0 days 7 hours,ami-06166778931250224,2026-02-10,1,N/A,1
562238536321,mm-prod-k8s,us-east-2,modmed-prod-global-b,1.34,i-0e9a71e4c42707793,ami-0aec24acb5eccc89d,2025-11-04,100,Amazon Linux 2023,m7i.16xlarge,running,99 days 8 hours,ami-06166778931250224,2026-02-10,1,N/A,1
562238536321,mm-prod-k8s,us-east-2,modmed-prod-global-b,1.34,i-096b4b1a16209959d,ami-0aec24acb5eccc89d,2025-11-04,100,Amazon Linux 2023,m7i.16xlarge,running,99 days 8 hours,ami-06166778931250224,2026-02-10,1,N/A,1
562238536321,mm-prod-k8s,us-east-2,modmed-prod-global-b,1.34,i-0702114457b0373cb,ami-0aec24acb5eccc89d,2025-11-04,100,Amazon Linux 2023,m7i.16xlarge,running,99 days 8 hours,ami-06166778931250224,2026-02-10,1,N/A,1
562238536321,mm-prod-k8s,us-east-2,modmed-prod-global-b,1.34,i-0ad9b074e057496b9,ami-0aec24acb5eccc89d,2025-11-04,100,Amazon Linux 2023,m7i.16xlarge,running,99 days 8 hours,ami-06166778931250224,2026-02-10,1,N/A,1
562238536321,mm-prod-k8s,us-east-2,modmed-prod-global-b,1.34,i-02da78a7b232fe69f,ami-0aec24acb5eccc89d,2025-11-04,100,Amazon Linux 2023,m7i.16xlarge,running,99 days 8 hours,ami-06166778931250224,2026-02-10,1,N/A,1
562238536321,mm-prod-k8s,us-east-2,modmed-prod-global-b,1.34,i-0d1ca8790ada26750,ami-0aec24acb5eccc89d,2025-11-04,100,Amazon Linux 2023,m7i.16xlarge,running,99 days 8 hours,ami-06166778931250224,2026-02-10,1,N/A,1
562238536321,mm-prod-k8s,us-east-2,modmed-prod-global-b,1.34,i-01b74b9b32defe48a,ami-0aec24acb5eccc89d,2025-11-04,100,Amazon Linux 2023,r8a.4xlarge,running,10 days 18 hours,ami-06166778931250224,2026-02-10,1,N/A,1
562238536321,mm-prod-k8s,us-east-2,modmed-prod-global-b,1.34,i-0275e9b18a4e1aad8,ami-0aec24acb5eccc89d,2025-11-04,100,Amazon Linux 2023,r8a.4xlarge,running,6 days 16 hours,ami-06166778931250224,2026-02-10,1,N/A,1
562238536321,mm-prod-k8s,us-east-2,modmed-prod-global-b,1.34,i-06377935233d08e1d,ami-0aec24acb5eccc89d,2025-11-04,100,Amazon Linux 2023,r5.8xlarge,running,0 days 19 hours,ami-06166778931250224,2026-02-10,1,N/A,1
562238536321,mm-prod-k8s,us-east-2,modmed-prod-global-b,1.34,i-0dfb9ee76dc468357,ami-0aec24acb5eccc89d,2025-11-04,100,Amazon Linux 2023,r5.8xlarge,running,0 days 19 hours,ami-06166778931250224,2026-02-10,1,N/A,1
562238536321,mm-prod-k8s,us-east-2,modmed-prod-global-b,1.34,i-00375ed081ea41d77,ami-0aec24acb5eccc89d,2025-11-04,100,Amazon Linux 2023,r5.large,running,0 days 3 hours,ami-06166778931250224,2026-02-10,1,N/A,1
562238536321,mm-prod-k8s,us-east-2,modmed-prod-global-b,1.34,i-019cf2b78d1b92f4f,ami-0aec24acb5eccc89d,2025-11-04,100,Amazon Linux 2023,r7a.8xlarge,running,0 days 1 hours,ami-06166778931250224,2026-02-10,1,N/A,1
562238536321,mm-prod-k8s,us-east-2,modmed-prod-global-b,1.34,i-0696858a7128a29c9,ami-0aec24acb5eccc89d,2025-11-04,100,Amazon Linux 2023,r7a.8xlarge,running,0 days 0 hours,ami-06166778931250224,2026-02-10,1,N/A,1
562238536321,mm-prod-k8s,us-east-2,modmed-prod-global-b,1.34,i-07ce55faec0f5b7be,ami-0aec24acb5eccc89d,2025-11-04,100,Amazon Linux 2023,r7a.8xlarge,running,0 days 0 hours,ami-06166778931250224,2026-02-10,1,N/A,1
562238536321,mm-prod-k8s,us-east-2,modmed-prod-global-b,1.34,i-0e18448eeaa2beb1d,ami-0aec24acb5eccc89d,2025-11-04,100,Amazon Linux 2023,m7i.16xlarge,running,99 days 8 hours,ami-06166778931250224,2026-02-10,1,N/A,1
562238536321,mm-prod-k8s,us-east-2,modmed-prod-global-b,1.34,i-0156eca3a311b67a2,ami-0aec24acb5eccc89d,2025-11-04,100,Amazon Linux 2023,m7i.16xlarge,running,99 days 8 hours,ami-06166778931250224,2026-02-10,1,N/A,1
562238536321,mm-prod-k8s,us-east-2,modmed-prod-global-b,1.34,i-00d2f364c579a8350,ami-0aec24acb5eccc89d,2025-11-04,100,Amazon Linux 2023,m7i.16xlarge,running,99 days 8 hours,ami-06166778931250224,2026-02-10,1,N/A,1
562238536321,mm-prod-k8s,us-east-2,modmed-prod-global-b,1.34,i-039ff67e1ce7648a2,ami-0aec24acb5eccc89d,2025-11-04,100,Amazon Linux 2023,m7i.16xlarge,running,99 days 8 hours,ami-06166778931250224,2026-02-10,1,N/A,1
562238536321,mm-prod-k8s,us-east-2,modmed-prod-global-b,1.34,i-050c13ef485061687,ami-0aec24acb5eccc89d,2025-11-04,100,Amazon Linux 2023,m7i.16xlarge,running,99 days 8 hours,ami-06166778931250224,2026-02-10,1,N/A,1
562238536321,mm-prod-k8s,us-east-2,modmed-prod-global-b,1.34,i-0a14c386cfc24e984,ami-0aec24acb5eccc89d,2025-11-04,100,Amazon Linux 2023,m7i.16xlarge,running,99 days 8 hours,ami-06166778931250224,2026-02-10,1,N/A,1
562238536321,mm-prod-k8s,us-east-2,modmed-prod-global-b,1.34,i-0605edaed3732d4e7,ami-0aec24acb5eccc89d,2025-11-04,100,Amazon Linux 2023,m7i.16xlarge,running,99 days 8 hours,ami-06166778931250224,2026-02-10,1,N/A,1
562238536321,mm-prod-k8s,us-east-2,modmed-prod-global-b,1.34,i-00196b4e32f8795f3,ami-0aec24acb5eccc89d,2025-11-04,100,Amazon Linux 2023,m7i.16xlarge,running,20 days 11 hours,ami-06166778931250224,2026-02-10,1,N/A,1
562238536321,mm-prod-k8s,us-east-2,modmed-prod-global-b,1.34,i-07a88e5095d66fa34,ami-0aec24acb5eccc89d,2025-11-04,100,Amazon Linux 2023,r5.8xlarge,running,0 days 18 hours,ami-06166778931250224,2026-02-10,1,N/A,1
562238536321,mm-prod-k8s,us-east-2,modmed-prod-global-b,1.34,i-018c7da6d3619a82a,ami-0aec24acb5eccc89d,2025-11-04,100,Amazon Linux 2023,r5.4xlarge,running,0 days 12 hours,ami-06166778931250224,2026-02-10,1,N/A,1
562238536321,mm-prod-k8s,us-east-2,modmed-prod-global-b,1.34,i-08ff266f609130e2f,ami-0aec24acb5eccc89d,2025-11-04,100,Amazon Linux 2023,r5.4xlarge,running,0 days 12 hours,ami-06166778931250224,2026-02-10,1,N/A,1
562238536321,mm-prod-k8s,us-east-2,modmed-prod-global-b,1.34,i-0a2a09769d9aa4473,ami-0aec24acb5eccc89d,2025-11-04,100,Amazon Linux 2023,r5.4xlarge,running,0 days 12 hours,ami-06166778931250224,2026-02-10,1,N/A,1
562238536321,mm-prod-k8s,us-east-2,modmed-prod-global-b,1.34,i-008d3dcd19ab979d6,ami-0aec24acb5eccc89d,2025-11-04,100,Amazon Linux 2023,r5.8xlarge,running,0 days 10 hours,ami-06166778931250224,2026-02-10,1,N/A,1
562238536321,mm-prod-k8s,us-east-2,modmed-prod-global-b,1.34,i-080bd7c8446d58665,ami-0aec24acb5eccc89d,2025-11-04,100,Amazon Linux 2023,r7a.8xlarge,running,0 days 4 hours,ami-06166778931250224,2026-02-10,1,N/A,1
562238536321,mm-prod-k8s,us-east-2,modmed-prod-global-b,1.34,i-08fa6557cf3675ac7,ami-0aec24acb5eccc89d,2025-11-04,100,Amazon Linux 2023,r7a.4xlarge,running,0 days 4 hours,ami-06166778931250224,2026-02-10,1,N/A,1
562238536321,mm-prod-k8s,us-east-2,modmed-prod-global-b,1.34,i-0e08436fade8f23ac,ami-0aec24acb5eccc89d,2025-11-04,100,Amazon Linux 2023,r6i.4xlarge,running,0 days 1 hours,ami-06166778931250224,2026-02-10,1,N/A,1
562238536321,mm-prod-k8s,us-east-2,modmed-prod-global-b,1.34,i-051f3e952c1c0b00c,ami-0aec24acb5eccc89d,2025-11-04,100,Amazon Linux 2023,r8i.4xlarge,running,0 days 1 hours,ami-06166778931250224,2026-02-10,1,N/A,1
562238536321,mm-prod-k8s,us-east-2,modmed-prod-global-b,1.34,i-05a622d021cfbc81f,ami-0aec24acb5eccc89d,2025-11-04,100,Amazon Linux 2023,r8i.4xlarge,running,0 days 1 hours,ami-06166778931250224,2026-02-10,1,N/A,1
562238536321,mm-prod-k8s,us-east-2,modmed-prod-global-b,1.34,i-011574e04c57bbbec,ami-0aec24acb5eccc89d,2025-11-04,100,Amazon Linux 2023,r8i.8xlarge,running,0 days 12 hours,ami-06166778931250224,2026-02-10,1,N/A,1
562238536321,mm-prod-k8s,us-east-2,modmed-prod-global-b,1.34,i-0c4ab770b3b6a6797,ami-0aec24acb5eccc89d,2025-11-04,100,Amazon Linux 2023,r5.8xlarge,running,0 days 10 hours,ami-06166778931250224,2026-02-10,1,N/A,1
562238536321,mm-prod-k8s,us-east-2,modmed-prod-global-b,1.34,i-03254b73f2ad2be2b,ami-0aec24acb5eccc89d,2025-11-04,100,Amazon Linux 2023,r7a.4xlarge,running,0 days 9 hours,ami-06166778931250224,2026-02-10,1,N/A,1
562238536321,mm-prod-k8s,us-east-2,modmed-prod-global-b,1.34,i-0b08bf11546d940de,ami-0aec24acb5eccc89d,2025-11-04,100,Amazon Linux 2023,r5.16xlarge,running,0 days 4 hours,ami-06166778931250224,2026-02-10,1,N/A,1
562238536321,mm-prod-k8s,us-east-2,modmed-prod-global-b,1.34,i-0ad195708f49a22f4,ami-0aec24acb5eccc89d,2025-11-04,100,Amazon Linux 2023,r8i.4xlarge,running,0 days 1 hours,ami-06166778931250224,2026-02-10,1,N/A,1
562238536321,mm-prod-k8s,us-east-2,modmed-prod-global-b,1.34,i-02cb03ffaf9a25d20,ami-0aec24acb5eccc89d,2025-11-04,100,Amazon Linux 2023,r7a.8xlarge,running,0 days 1 hours,ami-06166778931250224,2026-02-10,1,N/A,1
562238536321,mm-prod-k8s,us-east-2,modmed-prod-global-b,1.34,i-0c8afe7bbe474281a,ami-0aec24acb5eccc89d,2025-11-04,100,Amazon Linux 2023,r6i.4xlarge,running,0 days 0 hours,ami-06166778931250224,2026-02-10,1,N/A,1
562238536321,mm-prod-k8s,us-east-2,modmed-prod-global-b,1.34,i-090f5f4c040446c50,ami-0aec24acb5eccc89d,2025-11-04,100,Amazon Linux 2023,r7a.8xlarge,running,0 days 1 hours,ami-06166778931250224,2026-02-10,1,N/A,1
562238536321,mm-prod-k8s,us-east-2,modmed-prod-global-b,1.34,i-06f6fbacd11bbd9b3,ami-0aec24acb5eccc89d,2025-11-04,100,Amazon Linux 2023,r7i.8xlarge,running,0 days 15 hours,ami-06166778931250224,2026-02-10,1,N/A,1
562238536321,mm-prod-k8s,us-east-2,modmed-prod-global-b,1.34,i-0e1ac79cdec6c7193,ami-0aec24acb5eccc89d,2025-11-04,100,Amazon Linux 2023,r5.8xlarge,running,0 days 11 hours,ami-06166778931250224,2026-02-10,1,N/A,1
562238536321,mm-prod-k8s,us-east-2,modmed-prod-global-b,1.34,i-04f7eaa6ea7347aa9,ami-0aec24acb5eccc89d,2025-11-04,100,Amazon Linux 2023,r7i.4xlarge,running,0 days 10 hours,ami-06166778931250224,2026-02-10,1,N/A,1
562238536321,mm-prod-k8s,us-east-2,modmed-prod-global-b,1.34,i-0cc436ec439511d12,ami-0aec24acb5eccc89d,2025-11-04,100,Amazon Linux 2023,r7a.4xlarge,running,0 days 2 hours,ami-06166778931250224,2026-02-10,1,N/A,1
562238536321,mm-prod-k8s,us-east-2,modmed-prod-global-b,1.34,i-02570a6500aa1c9cb,ami-0aec24acb5eccc89d,2025-11-04,100,Amazon Linux 2023,r7i.8xlarge,running,0 days 4 hours,ami-06166778931250224,2026-02-10,1,N/A,1
562238536321,mm-prod-k8s,us-east-2,modmed-prod-global-b,1.34,i-01e3c62f667e6c324,ami-0aec24acb5eccc89d,2025-11-04,100,Amazon Linux 2023,r7a.4xlarge,running,0 days 2 hours,ami-06166778931250224,2026-02-10,1,N/A,1
562238536321,mm-prod-k8s,us-east-2,modmed-prod-global-b,1.34,i-0bdb1a5023701283f,ami-0aec24acb5eccc89d,2025-11-04,100,Amazon Linux 2023,r6i.4xlarge,running,0 days 2 hours,ami-06166778931250224,2026-02-10,1,N/A,1
562238536321,mm-prod-k8s,us-east-2,modmed-prod-global-b,1.34,i-0c558febe4123387d,ami-0aec24acb5eccc89d,2025-11-04,100,Amazon Linux 2023,r8a.4xlarge,running,2 days 11 hours,ami-06166778931250224,2026-02-10,1,N/A,1
562238536321,mm-prod-k8s,us-east-2,modmed-prod-global-b,1.34,i-004d4279f40ec7041,ami-0aec24acb5eccc89d,2025-11-04,100,Amazon Linux 2023,r5.8xlarge,running,0 days 19 hours,ami-06166778931250224,2026-02-10,1,N/A,1
562238536321,mm-prod-k8s,us-east-2,modmed-prod-global-b,1.34,i-04d3658b25ab23652,ami-0aec24acb5eccc89d,2025-11-04,100,Amazon Linux 2023,r5.8xlarge,running,0 days 19 hours,ami-06166778931250224,2026-02-10,1,N/A,1
562238536321,mm-prod-k8s,us-east-2,modmed-prod-global-b,1.34,i-02fc9fab8ad86fded,ami-0aec24acb5eccc89d,2025-11-04,100,Amazon Linux 2023,r8a.4xlarge,running,0 days 18 hours,ami-06166778931250224,2026-02-10,1,N/A,1
562238536321,mm-prod-k8s,us-east-2,modmed-prod-global-b,1.34,i-064f7151bd640f19b,ami-0aec24acb5eccc89d,2025-11-04,100,Amazon Linux 2023,r7i.8xlarge,running,0 days 11 hours,ami-06166778931250224,2026-02-10,1,N/A,1
562238536321,mm-prod-k8s,us-east-2,modmed-prod-global-b,1.34,i-0e83c5dc0e98e4fb6,ami-0aec24acb5eccc89d,2025-11-04,100,Amazon Linux 2023,r7i.8xlarge,running,0 days 4 hours,ami-06166778931250224,2026-02-10,1,N/A,1
562238536321,mm-prod-k8s,us-east-2,modmed-prod-global-b,1.34,i-0bddae3b2006a0284,ami-0aec24acb5eccc89d,2025-11-04,100,Amazon Linux 2023,r7i.8xlarge,running,0 days 4 hours,ami-06166778931250224,2026-02-10,1,N/A,1
562238536321,mm-prod-k8s,us-east-2,modmed-prod-global-b,1.34,i-0f48748b42f160929,ami-0aec24acb5eccc89d,2025-11-04,100,Amazon Linux 2023,r7a.4xlarge,running,0 days 0 hours,ami-06166778931250224,2026-02-10,1,N/A,1
562238536321,mm-prod-k8s,us-east-2,modmed-prod-global-b,1.34,i-0b95d9871517c2ee8,ami-0aec24acb5eccc89d,2025-11-04,100,Amazon Linux 2023,r6i.4xlarge,running,0 days 0 hours,ami-06166778931250224,2026-02-10,1,N/A,1
562238536321,mm-prod-k8s,us-east-2,modmed-prod-global-b,1.34,i-08db801a1a1db4db9,ami-0aec24acb5eccc89d,2025-11-04,100,Amazon Linux 2023,r7a.8xlarge,running,0 days 1 hours,ami-06166778931250224,2026-02-10,1,N/A,1
562238536321,mm-prod-k8s,us-east-2,modmed-prod-global-b,1.34,i-03688627678e8e6ba,ami-0aec24acb5eccc89d,2025-11-04,100,Amazon Linux 2023,r7a.4xlarge,running,0 days 0 hours,ami-06166778931250224,2026-02-10,1,N/A,1
244564253140,mmi-qa-m2k8s,us-east-2,mmgi-qa-global,1.34,N/A,N/A,N/A,0,N/A,N/A,N/A,N/A,N/A,N/A,0,N/A,1
244564253140,mmi-qa-m2k8s,us-east-2,mmgi-qa-global-b,1.34,i-095ec8e4b9560b2eb,ami-0a3eb8474928de6b8,2026-01-29,14,Amazon Linux 2023,m7i-flex.2xlarge,running,8 days 12 hours,ami-06166778931250224,2026-02-10,0,N/A,1
244564253140,mmi-qa-m2k8s,us-east-2,mmgi-qa-global-b,1.34,i-0cbb9d295f3651c65,ami-0341c526b47eb5b86,2025-11-20,84,Amazon Linux 2023,r4.large,running,7 days 10 hours,ami-06166778931250224,2026-02-10,1,N/A,1
244564253140,mmi-qa-m2k8s,us-east-2,mmgi-qa-global-b,1.34,i-0a4147563630f86ea,ami-0a3eb8474928de6b8,2026-01-29,14,Amazon Linux 2023,m7i-flex.2xlarge,running,8 days 9 hours,ami-06166778931250224,2026-02-10,0,N/A,1
244564253140,mmi-qa-m2k8s,us-east-2,mmgi-qa-global-b,1.34,i-0e84d250ce7da186d,ami-0a3eb8474928de6b8,2026-01-29,14,Amazon Linux 2023,m7i-flex.2xlarge,running,8 days 8 hours,ami-06166778931250224,2026-02-10,0,N/A,1
244564253140,mmi-qa-m2k8s,us-east-2,mmgi-qa-global-b,1.34,i-0b7dd9caab53a3839,ami-0a3eb8474928de6b8,2026-01-29,14,Amazon Linux 2023,m7i-flex.2xlarge,running,8 days 8 hours,ami-06166778931250224,2026-02-10,0,N/A,1
244564253140,mmi-qa-m2k8s,us-east-2,mmgi-qa-global-b,1.34,i-0591219f2ceaed783,ami-0a3eb8474928de6b8,2026-01-29,14,Amazon Linux 2023,m7i-flex.2xlarge,running,8 days 9 hours,ami-06166778931250224,2026-02-10,0,N/A,1
244564253140,mmi-qa-m2k8s,us-east-2,mmgi-qa-global-b,1.34,i-0b9c7138959dc0f5e,ami-0a3eb8474928de6b8,2026-01-29,14,Amazon Linux 2023,m7i-flex.2xlarge,running,8 days 8 hours,ami-06166778931250224,2026-02-10,0,N/A,1
244564253140,mmi-qa-m2k8s,us-east-2,mmgi-qa-global-b,1.34,i-053583143c12f9ace,ami-0a3eb8474928de6b8,2026-01-29,14,Amazon Linux 2023,m7i-flex.2xlarge,running,8 days 8 hours,ami-06166778931250224,2026-02-10,0,N/A,1
244564253140,mmi-qa-m2k8s,us-east-2,modmed-qa-global,1.34,N/A,N/A,N/A,0,N/A,N/A,N/A,N/A,N/A,N/A,0,N/A,1
244564253140,mmi-qa-m2k8s,us-east-2,modmed-qa-global-b,1.34,i-07b4fe335f0154917,ami-0a3eb8474928de6b8,2026-01-29,14,Amazon Linux 2023,c5a.xlarge,running,2 days 22 hours,ami-06166778931250224,2026-02-10,0,N/A,1
244564253140,mmi-qa-m2k8s,us-east-2,modmed-qa-global-b,1.34,i-0258ec266a9b1feec,ami-0a3eb8474928de6b8,2026-01-29,14,Amazon Linux 2023,r6a.2xlarge,running,2 days 21 hours,ami-06166778931250224,2026-02-10,0,N/A,1
244564253140,mmi-qa-m2k8s,us-east-2,modmed-qa-global-b,1.34,i-08d8e99416fdf13b9,ami-0a3eb8474928de6b8,2026-01-29,14,Amazon Linux 2023,c5a.xlarge,running,2 days 21 hours,ami-06166778931250224,2026-02-10,0,N/A,1
244564253140,mmi-qa-m2k8s,us-east-2,modmed-qa-global-b,1.34,i-0facf2044e025eb23,ami-0a3eb8474928de6b8,2026-01-29,14,Amazon Linux 2023,c5a.xlarge,running,2 days 18 hours,ami-06166778931250224,2026-02-10,0,N/A,1
244564253140,mmi-qa-m2k8s,us-east-2,modmed-qa-global-b,1.34,i-089a62eb409153289,ami-0a3eb8474928de6b8,2026-01-29,14,Amazon Linux 2023,c5a.xlarge,running,2 days 16 hours,ami-06166778931250224,2026-02-10,0,N/A,1
244564253140,mmi-qa-m2k8s,us-east-2,modmed-qa-global-b,1.34,i-0678d10e515a27343,ami-0a3eb8474928de6b8,2026-01-29,14,Amazon Linux 2023,r4.2xlarge,running,2 days 11 hours,ami-06166778931250224,2026-02-10,0,N/A,1
244564253140,mmi-qa-m2k8s,us-east-2,modmed-qa-global-b,1.34,i-05eaec0348e8ae63c,ami-0a3eb8474928de6b8,2026-01-29,14,Amazon Linux 2023,r6i.large,running,0 days 18 hours,ami-06166778931250224,2026-02-10,0,N/A,1
244564253140,mmi-qa-m2k8s,us-east-2,modmed-qa-global-b,1.34,i-0143e34323d4928d4,ami-0a3eb8474928de6b8,2026-01-29,14,Amazon Linux 2023,r6i.large,running,0 days 20 hours,ami-06166778931250224,2026-02-10,0,N/A,1
244564253140,mmi-qa-m2k8s,us-east-2,modmed-qa-global-b,1.34,i-0d7042a07bbbfa7fc,ami-0a3eb8474928de6b8,2026-01-29,14,Amazon Linux 2023,m5.4xlarge,running,0 days 14 hours,ami-06166778931250224,2026-02-10,0,N/A,1
244564253140,mmi-qa-m2k8s,us-east-2,modmed-qa-global-b,1.34,i-0527848a93d288aae,ami-0a3eb8474928de6b8,2026-01-29,14,Amazon Linux 2023,m5.2xlarge,running,0 days 14 hours,ami-06166778931250224,2026-02-10,0,N/A,1
244564253140,mmi-qa-m2k8s,us-east-2,modmed-qa-global-b,1.34,i-003806bd6920adfc7,ami-0a3eb8474928de6b8,2026-01-29,14,Amazon Linux 2023,c5.xlarge,running,0 days 5 hours,ami-06166778931250224,2026-02-10,0,N/A,1
244564253140,mmi-qa-m2k8s,us-east-2,modmed-qa-global-b,1.34,i-00859334b10b6d901,ami-0a3eb8474928de6b8,2026-01-29,14,Amazon Linux 2023,m5.4xlarge,running,0 days 7 hours,ami-06166778931250224,2026-02-10,0,N/A,1
244564253140,mmi-qa-m2k8s,us-east-2,modmed-qa-global-b,1.34,i-03c6ebb782b5ddccd,ami-0a3eb8474928de6b8,2026-01-29,14,Amazon Linux 2023,m5a.2xlarge,running,0 days 0 hours,ami-06166778931250224,2026-02-10,0,N/A,1
244564253140,mmi-qa-m2k8s,us-east-2,modmed-qa-global-b,1.34,i-0104179815b52f963,ami-0a3eb8474928de6b8,2026-01-29,14,Amazon Linux 2023,c5a.2xlarge,running,0 days 2 hours,ami-06166778931250224,2026-02-10,0,N/A,1
244564253140,mmi-qa-m2k8s,us-east-2,modmed-qa-global-b,1.34,i-0b2f051ceff420d16,ami-0a3eb8474928de6b8,2026-01-29,14,Amazon Linux 2023,c5a.xlarge,running,2 days 21 hours,ami-06166778931250224,2026-02-10,0,N/A,1
244564253140,mmi-qa-m2k8s,us-east-2,modmed-qa-global-b,1.34,i-034e456cdfd39903c,ami-0a3eb8474928de6b8,2026-01-29,14,Amazon Linux 2023,c5a.xlarge,running,2 days 21 hours,ami-06166778931250224,2026-02-10,0,N/A,1
244564253140,mmi-qa-m2k8s,us-east-2,modmed-qa-global-b,1.34,i-0b92e510fddaadd50,ami-0a3eb8474928de6b8,2026-01-29,14,Amazon Linux 2023,c5a.xlarge,running,2 days 20 hours,ami-06166778931250224,2026-02-10,0,N/A,1
244564253140,mmi-qa-m2k8s,us-east-2,modmed-qa-global-b,1.34,i-07e265b383163527c,ami-0a3eb8474928de6b8,2026-01-29,14,Amazon Linux 2023,c5a.xlarge,running,2 days 18 hours,ami-06166778931250224,2026-02-10,0,N/A,1
244564253140,mmi-qa-m2k8s,us-east-2,modmed-qa-global-b,1.34,i-07be687d3fbdf0944,ami-0a3eb8474928de6b8,2026-01-29,14,Amazon Linux 2023,c5a.xlarge,running,2 days 11 hours,ami-06166778931250224,2026-02-10,0,N/A,1
244564253140,mmi-qa-m2k8s,us-east-2,modmed-qa-global-b,1.34,i-09f8c87d219636547,ami-0a3eb8474928de6b8,2026-01-29,14,Amazon Linux 2023,c5a.xlarge,running,2 days 11 hours,ami-06166778931250224,2026-02-10,0,N/A,1
244564253140,mmi-qa-m2k8s,us-east-2,modmed-qa-global-b,1.34,i-0a556cc4759991307,ami-0a3eb8474928de6b8,2026-01-29,14,Amazon Linux 2023,r4.2xlarge,running,1 days 21 hours,ami-06166778931250224,2026-02-10,0,N/A,1
244564253140,mmi-qa-m2k8s,us-east-2,modmed-qa-global-b,1.34,i-0fd04e795d3f586b7,ami-0a3eb8474928de6b8,2026-01-29,14,Amazon Linux 2023,r6a.2xlarge,running,0 days 20 hours,ami-06166778931250224,2026-02-10,0,N/A,1
244564253140,mmi-qa-m2k8s,us-east-2,modmed-qa-global-b,1.34,i-03bc9c919d63b367f,ami-0a3eb8474928de6b8,2026-01-29,14,Amazon Linux 2023,c5a.xlarge,running,0 days 16 hours,ami-06166778931250224,2026-02-10,0,N/A,1
244564253140,mmi-qa-m2k8s,us-east-2,modmed-qa-global-b,1.34,i-08812137bf2b6f4ac,ami-0a3eb8474928de6b8,2026-01-29,14,Amazon Linux 2023,c5a.xlarge,running,0 days 16 hours,ami-06166778931250224,2026-02-10,0,N/A,1
244564253140,mmi-qa-m2k8s,us-east-2,modmed-qa-global-b,1.34,i-0323e0b759e8f86e7,ami-0a3eb8474928de6b8,2026-01-29,14,Amazon Linux 2023,m5.2xlarge,running,0 days 14 hours,ami-06166778931250224,2026-02-10,0,N/A,1
244564253140,mmi-qa-m2k8s,us-east-2,modmed-qa-global-b,1.34,i-0e4dad1c20668f9b3,ami-0a3eb8474928de6b8,2026-01-29,14,Amazon Linux 2023,r4.xlarge,running,0 days 3 hours,ami-06166778931250224,2026-02-10,0,N/A,1
244564253140,mmi-qa-m2k8s,us-east-2,modmed-qa-global-b,1.34,i-0908e7408084664a0,ami-0a3eb8474928de6b8,2026-01-29,14,Amazon Linux 2023,c6i.xlarge,running,0 days 4 hours,ami-06166778931250224,2026-02-10,0,N/A,1
244564253140,mmi-qa-m2k8s,us-east-2,modmed-qa-global-b,1.34,i-033e16972d353214c,ami-0a3eb8474928de6b8,2026-01-29,14,Amazon Linux 2023,c5a.2xlarge,running,0 days 0 hours,ami-06166778931250224,2026-02-10,0,N/A,1
244564253140,mmi-qa-m2k8s,us-east-2,modmed-qa-global-b,1.34,i-085101617d05573e4,ami-0a3eb8474928de6b8,2026-01-29,14,Amazon Linux 2023,m5a.xlarge,running,0 days 0 hours,ami-06166778931250224,2026-02-10,0,N/A,1
244564253140,mmi-qa-m2k8s,us-east-2,modmed-qa-global-b,1.34,i-0f145bfed1e38d207,ami-0a3eb8474928de6b8,2026-01-29,14,Amazon Linux 2023,c5a.2xlarge,running,2 days 22 hours,ami-06166778931250224,2026-02-10,0,N/A,1
244564253140,mmi-qa-m2k8s,us-east-2,modmed-qa-global-b,1.34,i-09e51234d0c7f25ae,ami-0a3eb8474928de6b8,2026-01-29,14,Amazon Linux 2023,c5a.xlarge,running,2 days 21 hours,ami-06166778931250224,2026-02-10,0,N/A,1
244564253140,mmi-qa-m2k8s,us-east-2,modmed-qa-global-b,1.34,i-003d3eb33c23f4f0e,ami-0a3eb8474928de6b8,2026-01-29,14,Amazon Linux 2023,c5a.2xlarge,running,2 days 20 hours,ami-06166778931250224,2026-02-10,0,N/A,1
244564253140,mmi-qa-m2k8s,us-east-2,modmed-qa-global-b,1.34,i-043e1c07314c04f01,ami-0a3eb8474928de6b8,2026-01-29,14,Amazon Linux 2023,c5a.xlarge,running,2 days 10 hours,ami-06166778931250224,2026-02-10,0,N/A,1
244564253140,mmi-qa-m2k8s,us-east-2,modmed-qa-global-b,1.34,i-0aa985c15ec9864b0,ami-0a3eb8474928de6b8,2026-01-29,14,Amazon Linux 2023,c5.xlarge,running,0 days 7 hours,ami-06166778931250224,2026-02-10,0,N/A,1
244564253140,mmi-qa-m2k8s,us-east-2,modmed-qa-global-b,1.34,i-0fb95ef620ad1064f,ami-0a3eb8474928de6b8,2026-01-29,14,Amazon Linux 2023,m5a.xlarge,running,0 days 3 hours,ami-06166778931250224,2026-02-10,0,N/A,1
244564253140,mmi-qa-m2k8s,us-east-2,modmed-qa-global-b,1.34,i-01d9be889d3a29e05,ami-0a3eb8474928de6b8,2026-01-29,14,Amazon Linux 2023,c5a.2xlarge,running,2 days 22 hours,ami-06166778931250224,2026-02-10,0,N/A,1
244564253140,mmi-qa-m2k8s,us-east-2,modmed-qa-global-b,1.34,i-0d82d1dcc0305d1f2,ami-0a3eb8474928de6b8,2026-01-29,14,Amazon Linux 2023,c5a.xlarge,running,2 days 21 hours,ami-06166778931250224,2026-02-10,0,N/A,1
244564253140,mmi-qa-m2k8s,us-east-2,modmed-qa-global-b,1.34,i-048388ef55711e7c6,ami-0a3eb8474928de6b8,2026-01-29,14,Amazon Linux 2023,c5a.2xlarge,running,2 days 22 hours,ami-06166778931250224,2026-02-10,0,N/A,1
244564253140,mmi-qa-m2k8s,us-east-2,modmed-qa-global-b,1.34,i-0dc2f7127c59e4937,ami-0a3eb8474928de6b8,2026-01-29,14,Amazon Linux 2023,c5a.xlarge,running,2 days 21 hours,ami-06166778931250224,2026-02-10,0,N/A,1
244564253140,mmi-qa-m2k8s,us-east-2,modmed-qa-global-b,1.34,i-09d3212e00e9a0ed0,ami-0a3eb8474928de6b8,2026-01-29,14,Amazon Linux 2023,c5a.xlarge,running,2 days 21 hours,ami-06166778931250224,2026-02-10,0,N/A,1
244564253140,mmi-qa-m2k8s,us-east-2,modmed-qa-global-b,1.34,i-06e28685e87225d78,ami-0a3eb8474928de6b8,2026-01-29,14,Amazon Linux 2023,c5a.xlarge,running,2 days 21 hours,ami-06166778931250224,2026-02-10,0,N/A,1
244564253140,mmi-qa-m2k8s,us-east-2,modmed-qa-global-b,1.34,i-04da25f2119bc21b2,ami-0a3eb8474928de6b8,2026-01-29,14,Amazon Linux 2023,r4.large,running,2 days 20 hours,ami-06166778931250224,2026-02-10,0,N/A,1
244564253140,mmi-qa-m2k8s,us-east-2,modmed-qa-global-b,1.34,i-0079cf740b8298bcb,ami-0a3eb8474928de6b8,2026-01-29,14,Amazon Linux 2023,c5a.xlarge,running,2 days 12 hours,ami-06166778931250224,2026-02-10,0,N/A,1
244564253140,mmi-qa-m2k8s,us-east-2,modmed-qa-global-b,1.34,i-066db12ce057434dd,ami-0a3eb8474928de6b8,2026-01-29,14,Amazon Linux 2023,c5a.xlarge,running,1 days 14 hours,ami-06166778931250224,2026-02-10,0,N/A,1
244564253140,mmi-qa-m2k8s,us-east-2,modmed-qa-global-b,1.34,i-08b1235df7605bb65,ami-0a3eb8474928de6b8,2026-01-29,14,Amazon Linux 2023,c5.2xlarge,running,0 days 8 hours,ami-06166778931250224,2026-02-10,0,N/A,1
244564253140,mmi-qa-m2k8s,us-east-2,modmed-qa-global-b,1.34,i-0c9a63de934f6d92a,ami-0a3eb8474928de6b8,2026-01-29,14,Amazon Linux 2023,m6a.2xlarge,running,0 days 10 hours,ami-06166778931250224,2026-02-10,0,N/A,1
244564253140,mmi-qa-m2k8s,us-east-2,modmed-qa-global-b,1.34,i-01e15ffff4341c13e,ami-0a3eb8474928de6b8,2026-01-29,14,Amazon Linux 2023,c5.xlarge,running,0 days 7 hours,ami-06166778931250224,2026-02-10,0,N/A,1
244564253140,mmi-qa-m2k8s,us-east-2,modmed-qa-global-b,1.34,i-070da7d6f6e803569,ami-0a3eb8474928de6b8,2026-01-29,14,Amazon Linux 2023,m6a.4xlarge,running,0 days 8 hours,ami-06166778931250224,2026-02-10,0,N/A,1
244564253140,mmi-qa-m2k8s,us-east-2,modmed-qa-global-b,1.34,i-0092871df7d8986f9,ami-0a3eb8474928de6b8,2026-01-29,14,Amazon Linux 2023,c5.xlarge,running,0 days 1 hours,ami-06166778931250224,2026-02-10,0,N/A,1
244564253140,mmi-qa-m2k8s,us-east-2,modmed-qa-global-b,1.34,i-088b0767ed3e4bea7,ami-0a3eb8474928de6b8,2026-01-29,14,Amazon Linux 2023,c6i.xlarge,running,0 days 2 hours,ami-06166778931250224,2026-02-10,0,N/A,1
244564253140,mmi-qa-m2k8s,us-east-2,modmed-qa-global-b,1.34,i-0416fa52fc8907b08,ami-0a3eb8474928de6b8,2026-01-29,14,Amazon Linux 2023,c5a.2xlarge,running,2 days 22 hours,ami-06166778931250224,2026-02-10,0,N/A,1
244564253140,mmi-qa-m2k8s,us-east-2,modmed-qa-global-b,1.34,i-0e345be95625a88e9,ami-0a3eb8474928de6b8,2026-01-29,14,Amazon Linux 2023,c5a.2xlarge,running,2 days 18 hours,ami-06166778931250224,2026-02-10,0,N/A,1
244564253140,mmi-qa-m2k8s,us-east-2,modmed-qa-global-b,1.34,i-0cda955ad1697169b,ami-0a3eb8474928de6b8,2026-01-29,14,Amazon Linux 2023,c5a.2xlarge,running,2 days 22 hours,ami-06166778931250224,2026-02-10,0,N/A,1
244564253140,mmi-qa-m2k8s,us-east-2,modmed-qa-global-b,1.34,i-0252e3fe59df139f6,ami-0a3eb8474928de6b8,2026-01-29,14,Amazon Linux 2023,c5a.2xlarge,running,2 days 21 hours,ami-06166778931250224,2026-02-10,0,N/A,1
244564253140,mmi-qa-m2k8s,us-east-2,modmed-qa-global-b,1.34,i-04bbfdf5bf83752db,ami-0a3eb8474928de6b8,2026-01-29,14,Amazon Linux 2023,c5a.xlarge,running,2 days 21 hours,ami-06166778931250224,2026-02-10,0,N/A,1
244564253140,mmi-qa-m2k8s,us-east-2,modmed-qa-global-b,1.34,i-0824df9b9e9438ed1,ami-0a3eb8474928de6b8,2026-01-29,14,Amazon Linux 2023,c5a.xlarge,running,2 days 21 hours,ami-06166778931250224,2026-02-10,0,N/A,1
244564253140,mmi-qa-m2k8s,us-east-2,modmed-qa-global-b,1.34,i-0fbf57d3860035743,ami-0a3eb8474928de6b8,2026-01-29,14,Amazon Linux 2023,c5a.2xlarge,running,2 days 15 hours,ami-06166778931250224,2026-02-10,0,N/A,1
244564253140,mmi-qa-m2k8s,us-east-2,modmed-qa-global-b,1.34,i-0b85ddad4f515619d,ami-0a3eb8474928de6b8,2026-01-29,14,Amazon Linux 2023,c5a.2xlarge,running,1 days 22 hours,ami-06166778931250224,2026-02-10,0,N/A,1
244564253140,mmi-qa-m2k8s,us-east-2,modmed-qa-global-b,1.34,i-0ec588ec6379bf4fa,ami-0a3eb8474928de6b8,2026-01-29,14,Amazon Linux 2023,c5a.2xlarge,running,1 days 16 hours,ami-06166778931250224,2026-02-10,0,N/A,1
244564253140,mmi-qa-m2k8s,us-east-2,modmed-qa-global-b,1.34,i-08c3f9c5121c52654,ami-0a3eb8474928de6b8,2026-01-29,14,Amazon Linux 2023,c5a.2xlarge,running,2 days 22 hours,ami-06166778931250224,2026-02-10,0,N/A,1
244564253140,mmi-qa-m2k8s,us-east-2,modmed-qa-global-b,1.34,i-029624fdeb8b891a7,ami-0a3eb8474928de6b8,2026-01-29,14,Amazon Linux 2023,c5a.xlarge,running,2 days 20 hours,ami-06166778931250224,2026-02-10,0,N/A,1
244564253140,mmi-qa-m2k8s,us-east-2,modmed-qa-global-b,1.34,i-0de1b10f869fa0732,ami-0a3eb8474928de6b8,2026-01-29,14,Amazon Linux 2023,c5a.2xlarge,running,2 days 22 hours,ami-06166778931250224,2026-02-10,0,N/A,1
244564253140,mmi-qa-m2k8s,us-east-2,modmed-qa-global-b,1.34,i-08b53693ba15de814,ami-0a3eb8474928de6b8,2026-01-29,14,Amazon Linux 2023,c5a.xlarge,running,2 days 21 hours,ami-06166778931250224,2026-02-10,0,N/A,1
244564253140,mmi-qa-m2k8s,us-east-2,modmed-qa-global-b,1.34,i-05e4567f2464a9523,ami-0a3eb8474928de6b8,2026-01-29,14,Amazon Linux 2023,m5a.4xlarge,running,0 days 18 hours,ami-06166778931250224,2026-02-10,0,N/A,1
244564253140,mmi-qa-m2k8s,us-east-2,modmed-qa-global-b,1.34,i-00f1b20c6a3f63e51,ami-0a3eb8474928de6b8,2026-01-29,14,Amazon Linux 2023,m5.4xlarge,running,0 days 8 hours,ami-06166778931250224,2026-02-10,0,N/A,1
244564253140,mmi-qa-m2k8s,us-east-2,modmed-qa-global-b,1.34,i-0b3127b8fc378d479,ami-0a3eb8474928de6b8,2026-01-29,14,Amazon Linux 2023,r4.2xlarge,running,0 days 9 hours,ami-06166778931250224,2026-02-10,0,N/A,1
244564253140,mmi-qa-m2k8s,us-east-2,modmed-qa-global-b,1.34,i-04fd2f6a04ee68fa7,ami-0a3eb8474928de6b8,2026-01-29,14,Amazon Linux 2023,m5.4xlarge,running,0 days 8 hours,ami-06166778931250224,2026-02-10,0,N/A,1
244564253140,mmi-qa-m2k8s,us-east-2,modmed-qa-global-b,1.34,i-0c6638961241f73a2,ami-0a3eb8474928de6b8,2026-01-29,14,Amazon Linux 2023,c5.xlarge,running,0 days 2 hours,ami-06166778931250224,2026-02-10,0,N/A,1
244564253140,mmi-qa-m2k8s,us-east-2,modmed-qa-global-b,1.34,i-0222d1eebacf116e5,ami-0a3eb8474928de6b8,2026-01-29,14,Amazon Linux 2023,r5.large,running,0 days 1 hours,ami-06166778931250224,2026-02-10,0,N/A,1
125190407919,125190407919,us-east-2,modmed-dev-global,1.34,i-0f8a32467b363ec7d,ami-0341c526b47eb5b86,2025-11-20,84,Amazon Linux 2023,m7i-flex.2xlarge,running,71 days 17 hours,ami-06166778931250224,2026-02-10,1,N/A,1
125190407919,125190407919,us-east-2,modmed-dev-global,1.34,i-0b6e667d815ea5bce,ami-0341c526b47eb5b86,2025-11-20,84,Amazon Linux 2023,m7i-flex.2xlarge,running,71 days 17 hours,ami-06166778931250224,2026-02-10,1,N/A,1
125190407919,125190407919,us-east-2,modmed-dev-global,1.34,i-06e6202c55cbcf7af,ami-0341c526b47eb5b86,2025-11-20,84,Amazon Linux 2023,m7i-flex.2xlarge,running,71 days 17 hours,ami-06166778931250224,2026-02-10,1,N/A,1
125190407919,125190407919,us-east-2,modmed-dev-global,1.34,i-03ed4a94aa5741f27,ami-0341c526b47eb5b86,2025-11-20,84,Amazon Linux 2023,m7i-flex.2xlarge,running,71 days 17 hours,ami-06166778931250224,2026-02-10,1,N/A,1
125190407919,125190407919,us-east-2,modmed-dev-global,1.34,i-00ab3b3bb397365d4,ami-0341c526b47eb5b86,2025-11-20,84,Amazon Linux 2023,m7i-flex.2xlarge,running,71 days 17 hours,ami-06166778931250224,2026-02-10,1,N/A,1
125190407919,125190407919,us-east-2,modmed-dev-global,1.34,i-00ae88554d19d6214,ami-0341c526b47eb5b86,2025-11-20,84,Amazon Linux 2023,m7i-flex.2xlarge,running,71 days 17 hours,ami-06166778931250224,2026-02-10,1,N/A,1
